AL-CALLAO,ORQ.SANTA-GARCHIA,SALSA,9.854
COMO-FUE,PERU-SALSA-ALL-STAR,SALSA,9.66
ESPIRITUALMENTE,ORQ.SANTA-GARCHIA,SALSA,9.854
EL-HOMBRE-QUE-YO-AMO,PERU-SALSA-ALL-STAR,SALSA,8
SIN-TI,PERU-SALSA-ALL-STAR,SALSA,8
EL-VIENTO,PERU-SALSA-ALL-STAR,SALSA,8
JAMAS-TE-DEJARE,PERU-SALSA-ALL-STAR,SALSA,8
LA-GATA-BAJO-LA-LLUVIA,PERU-SALSA-ALL-STAR,SALSA,8
TRIBUTO-A-LA-PONCEÑA,PERU-SALSA-ALL-STAR,SALSA,8
QUIEREME,LA-SOCIEDAD-DEL-BARRANCO,SALSA,9.854
REPRESIÓN,NARCOSIS,ROCK,9.1
DESTRUIR,NARCOSIS,ROCK,9.1
TRISTE-FINAL,NARCOSIS,ROCK,9.1
LA-DANZA-DE-LOS-CRISTALES,NARCOSIS,ROCK,9.1
DESTINO,NARCOSIS,ROCK,9.1
ASFIXIA,NARCOSIS,ROCK,9.1
DESTRUYEME,SOCIEDAD-ANONIMA,ROCK,9.1
COSTO-DE-VIDA,SOCIEDAD-ANONIMA,ROCK,9.1
EL-JARDIN-TROPICAL,CHARLIE-PALOMARES,SALSA,8.5
EL-HOMBRE,CHARLIE-PALOMARES,SALSA,8.5
IDOLOS,DANAI-&-PATEANDO-LATAS,ROCK,8.3
CUANDO-LA-CAMA-ME-DA-VUELTAS,ARENA-HASH,ROCK,9.854
PRONÓSTICO-RESERVADO,LA-BANDA-AZUL,ROCK,9
EXTRAÑOS,DUDÓ,ROCK,9
LAS-TORRES,NOSEQUIEN-Y-LOS-NOSECUANTOS,ROCK,9
SIN-PARAR,IVONNE-Y-LOS-MERCANTILES,ROCK,9
DAME-MI-PELOTA,LOS-ZOPILOTES-,ROCK,9
TEMA-PARA-JOVENES-ENAMORADOS,LOS-BELKING'S,FOLK,8.4
SEPTIMA-PATRULLA,LOS-BELKING'S,FOLK,8.6
AMOR-IMPOSIBLE-,LOS-BELKING'S,FOLK,8.5
TAL-COMO-TU-ERES,LOS-BELKING'S,FOLK,9
HOJAS-MUERTAS,LOS-BELKING'S,FOLK,8.5
BOLIDO-DE--FUEGO-,LOS-BELKING'S,FOLK,8.3
LA-LLUVIA-DE-TUS-OJOS,LOS-BELKING'S,FOLK,9
CONTESTAME,RIO,ROCK,8.96
LA-UNIVERSIDAD,RIO,ROCK,8.96
LO-PEOR-DE-TODO,RIO,ROCK,8.96
NO-QUIERO-VERTE-MAS,RIO,ROCK,8.96
TODO-ESTABA-BIEN,RIO,ROCK,8.96
LO-EMPIEZO-A-ODIAR,RIO,ROCK,8.96
A-LA-DROGA-DILE-NO-,RIO,ROCK,8.96
TELEVIDENTE,RIO,ROCK,8
ALGO-DE-TI-,RIO,ROCK,8
Y-LLORO,RIO,ROCK,8
ABANDONADO,RIO,ROCK,8
ESTAS-EN-NADA,RIO,ROCK,8
LEJOS-DE-TI,RIO,ROCK,8
PARA-AMARTE,RIO,ROCK,8
NO-ES-TAN-FACIL,RIO,ROCK,8
SIN-TI-,RIO,ROCK,8
VACIO,RIO,ROCK,8
ME-RESFRIE-EN-BRASIL,ARENA-HASH,POP-ROCK,8.96
DIFAMACION,ARENA-HASH,POP-ROCK,8.96
MIL-HORAS-DE-AMOR,ARENA-HASH,POP-ROCK,8.96
DIAS-DE-INFANCIA,ARENA-HASH,POP-ROCK,8.96
EL-CANGREJO,ARENA-HASH,POP-ROCK,8.96
NO-CAMBIARE,ARENA-HASH,POP-ROCK,8.96
ESCONDEME,ARENA-HASH,POP-ROCK,8.96
FRUSTRADO-EMOCIONAL,ARENA-HASH,POP-ROCK,8.96
STRESS,ARENA-HASH,POP-ROCK,8.96
DE-TI-ME-VA-QUEDANDO-NADA,ARENA-HASH,POP-ROCK,8.96
ROMPEOREJAS,ARENA-HASH,POP-ROCK,8.96
DEGENERACIÓN-ACTUAL,PEDRO-SUÁREZ-VÉRTIZ,POP-ROCK,8.5
MI-AUTO-ERA-UNA-RANA,PEDRO-SUÁREZ-VÉRTIZ,POP-ROCK,7.28
CUÉNTAME,PEDRO-SUÁREZ-VÉRTIZ,POP-ROCK,9.4
SÉ-QUE-TODO-HA-ACABADO-YA,PEDRO-SUÁREZ-VÉRTIZ,POP-ROCK,8.5
UN-VINO-UNA-CERVEZA,PEDRO-SUÁREZ-VÉRTIZ,POP-ROCK,8.5
GLOBOS-DEL-CIELO,PEDRO-SUÁREZ-VÉRTIZ,POP-ROCK,8.5
NO-LLORES-MÁS,PEDRO-SUÁREZ-VÉRTIZ,POP-ROCK,8.5
GLOBO-DE-GAS,PEDRO-SUÁREZ-VÉRTIZ,POP-ROCK,8.5
ME-ELEVÉ,PEDRO-SUÁREZ-VÉRTIZ,POP-ROCK,8.5
ÓPERA-SALVAJE,LOS-MOJARRAS,ROCK,8.8
SARITA-COLONIA,LOS-MOJARRAS,ROCK,8.8
RECOCILIACIÓN,LOS-MOJARRAS,ROCK,8.8
CONFESIONES,LOS-MOJARRAS,ROCK,8.8
NOSTALGIA-PROVINCIANA,LOS-MOJARRAS,ROCK,8.8
GENTE-DE-NOCHE,LOS-MOJARRAS,ROCK,8.8
HUMADERA,LOS-MOJARRAS,ROCK,8.8
SAYA-MI-AMOR,LOS-MOJARRAS,ROCK,8.8
BABALÚA,LOS-MOJARRAS,ROCK,8.8
MI-BARRIO,LOS-MOJARRAS,ROCK,8.8
CATALEPSIA,LOS-MOJARRAS,ROCK,8.8
TRICICLO-PERÚ,LOS-MOJARRAS,ROCK,8.8
ADICCIÓN,CAMPO-DE-ALMAS,ROCK,9.34
ARIAL,CAMPO-DE-ALMAS,ROCK,9.34
VOLVER-A-SOÑAR,CAMPO-DE-ALMAS,ROCK,9.34
TUS-ALAS-CAERÁN,CAMPO-DE-ALMAS,ROCK,9.34
ANSIEDAD,CAMPO-DE-ALMAS,ROCK,9.34
CUANDO-PIENSO-Y-ESTOY-SOLO,CAMPO-DE-ALMAS,ROCK,9.34
TAN-LEJOS,CAMPO-DE-ALMAS,ROCK,9.34
SANGRAR,CAMPO-DE-ALMAS,ROCK,9.34
MIEDO-A-VOLAR,CAMPO-DE-ALMAS,ROCK,9.34
ALGO-DE-MÍ,CAMPO-DE-ALMAS,ROCK,9.34
SÓLO-BUSCO-MI-LIBERTAD,CAMPO-DE-ALMAS,ROCK,9.34
EL-BAR,CAMPO-DE-ALMAS,ROCK,9.34
DE-NOCHE,LOS-OUTSAIDERS,ROCK,7.32
NIÑA,LOS-OUTSAIDERS,ROCK,7.32
MISS-DONI,LOS-OUTSAIDERS,ROCK,7.32
VUELVAS,LOS-OUTSAIDERS,ROCK,7.32
AL-REVÉS,LOS-OUTSAIDERS,ROCK,7.32
EGOÍSTA,LOS-OUTSAIDERS,ROCK,7.32
EN-BUS-DEL-SIR,LOS-OUTSAIDERS,ROCK,7.32
DE-OTRO-MUNDO,LOS-OUTSAIDERS,ROCK,7.32
ROCK-N'-ROLL-DE-POBRES,LOS-OUTSAIDERS,ROCK,7.32
YO-NO-SOY,LOS-OUTSAIDERS,ROCK,7.32
DON,LIBIDO,ROCK,8.65
CICUTA,LIBIDO,ROCK,8.65
LABERINTO-,LIBIDO,ROCK,8.65
DESPIERTA,LIBIDO,ROCK,8.65
MAL-TIEMPO-,LIBIDO,ROCK,8.65
MONOS,LIBIDO,ROCK,8.65
COMO-UN-PERRO,LIBIDO,ROCK,8.65
VIAJE,LIBIDO,ROCK,8.65
OJOS-DE-ÁNGEL,LIBIDO,ROCK,8.65
LÍBIDO,LIBIDO,ROCK,8.65
SED,LIBIDO,ROCK,8.65
LA-CASA-DE-LOS-GRITOS,LIBIDO,ROCK,8.65
DESCONEXIÓN,G3,ROCK,8.65
PIPE-TRACK,G3,ROCK,8.65
UTILIZADO,G3,ROCK,8.48
VIOLENCIA-FABRICADA,G3,ROCK,8.48
PRINCIPIO-DEL-FIN,G3,ROCK,8.48
ANTISOCIAL,G3,ROCK,8.48
SEPTIEMBRE-PARTE-III,G3,ROCK,8.48
PRESIÓN,G3,ROCK,8.48
EN-TUS-OJOS-(NUNCA-MÁS),G3,ROCK,8.48
LOS-NIÑOS-DE-LA-GUERRA,G3,ROCK,8.48
TRAICIONADO,G3,ROCK,8.48
SIENTE-EL-CAMBIO,G3,ROCK,8.48
FIESTA-FUNK,LA-ROJA-FUNK,FUNK,9.3
MUERTE-DE-OBI-TWO,LA-ROJA-FUNK,FUNK,9.3
LORD-POP-MEGA-GALAXYMIX,LA-ROJA-FUNK,FUNK,9.3
ALAS-HUMANAS,INDIGO,ROCK,7.2
SOLEDAD,INDIGO,ROCK,7.2
VOCES-LEJANAS,INDIGO,ROCK,7.2
NADA,INDIGO,ROCK,7.2
ESPIRAL,INDIGO,ROCK,7.2
CIELO-GRIS,INDIGO,ROCK,7.2
RESPIRANDO-LUCES,INDIGO,ROCK,7.2
SABES,INDIGO,ROCK,7.2
SOLO-JUEGAS,INDIGO,ROCK,7.2
EL-FINAL,INDIGO,ROCK,7.2
ESTARE-BIEN,INDIGO,ROCK,7.2
NADIE-ME-PUEDE-JUZGAR-,LOS-DOLTONS,ROCK,9.6
LA-VENTANA,LOS-DOLTONS,ROCK,9.6
GLORIA,LOS-DOLTONS,ROCK,9.6
QUEDATE,LOS-DOLTONS,ROCK,9.6
GIRL-,LOS-DOLTONS,ROCK,9.6
VISIÓN-DE-OTOÑO,LOS-DOLTONS,ROCK,9.6
AMARRADO,LOS-DOLTONS,ROCK,9.6
EN-UNA-FLOR-,LOS-DOLTONS,ROCK,9.6
NILA,LOS-DOLTONS,ROCK,9.6
NO-PUEDO,LOS-DOLTONS,ROCK,9.6
EL-MILLONARIO-,LOS-DOLTONS,ROCK,9.6
EL-ULTIMO-BESO,LOS-DOLTONS,ROCK,8.76
MI-DIA-VENDRA,LOS-DOLTONS,ROCK,8.76
ESPERAME,LOS-DOLTONS,ROCK,8.76
TEMA:EL-AMOR,LOS-DOLTONS,ROCK,8.76
GUANTANAMERA,LOS-DOLTONS,ROCK,8.76
SANTO,LOS-DOLTONS,ROCK,8.76
WINCHESTER-CATHEDRAL,LOS-DOLTONS,ROCK,8.76
UNA-ESTRELLA-EN-LA-NOCHE,LOS-DOLTONS,ROCK,8.76
LA-NOCHE,LOS-DOLTONS,ROCK,8.76
SIGUE-LLOVIENDO,LOS-DOLTONS,ROCK,8.76
GLORIA-AL-SEÑOR,LOS-DOLTONS,ROCK,8.76
AMOR-ETERNO,LOS-DOLTONS,ROCK,8.76
NADIE-TE-QUIERE-YA,LOS-DOLTONS,ROCK,9.6
DE-REPENTE-TU-ME-AMAS,LOS-DOLTONS,ROCK,9.6
EL-DESENGAÑO,LOS-DOLTONS,ROCK,9.6
CONOCES-EL-CAMINO-A-SAN-JOSE,LOS-DOLTONS,ROCK,9.6
NADA-HA-CAMBIADO,LOS-DOLTONS,ROCK,9.6
ISRAEL,LOS-DOLTONS,ROCK,9.6
MRS.-ROBINSON,LOS-DOLTONS,ROCK,9.6
QUE-SOLO-ESTOY,LOS-DOLTONS,ROCK,9.6
LA-DUDA,LOS-DOLTONS,ROCK,9.6
EL-VAGABUNDO,LOS-DOLTONS,ROCK,9.6
CAMBIOS,NI-VOZ-NI-VOTO,ROCK,6.5
INSENSIBLE-,NI-VOZ-NI-VOTO,ROCK,6.5
NADA,NI-VOZ-NI-VOTO,ROCK,6.5
TU-OTRO-YO,NI-VOZ-NI-VOTO,ROCK,6.5
ESPERANDO,NI-VOZ-NI-VOTO,ROCK,6.5
PARA-AYUDARTE,NI-VOZ-NI-VOTO,ROCK,6.5
NI-VOZ-NI-VOTO-(...VOZ-Y-VOTO),NI-VOZ-NI-VOTO,ROCK,6.5
TU-REALIDAD,NI-VOZ-NI-VOTO,ROCK,6.5
LO-QUE-VES,NI-VOZ-NI-VOTO,ROCK,6.5
YA-NO-SIRVE,NI-VOZ-NI-VOTO,ROCK,6.5
SIENTE-TU-FUERZA,NI-VOZ-NI-VOTO,ROCK,6.5
PRESIÓN,NI-VOZ-NI-VOTO,ROCK,6
NO-ANTISOCIAL,NI-VOZ-NI-VOTO,ROCK,6
SIN-SENTIDO,NI-VOZ-NI-VOTO,ROCK,6
DORMIR,NI-VOZ-NI-VOTO,ROCK,6
NECESITO-AYUDA,NI-VOZ-NI-VOTO,ROCK,6
SENTIDO-DE-CULPA,NI-VOZ-NI-VOTO,ROCK,6
NO-PUEDES-ESCAPAR,NI-VOZ-NI-VOTO,ROCK,6
PAREDES,NI-VOZ-NI-VOTO,ROCK,6
SER-O-NO-SER,NI-VOZ-NI-VOTO,ROCK,6
RUTINA,NI-VOZ-NI-VOTO,ROCK,6
FIESTA?,NI-VOZ-NI-VOTO,ROCK,6
LIMBO,NI-VOZ-NI-VOTO,ROCK,3
NO-PUEDES-DEJARME,NI-VOZ-NI-VOTO,ROCK,3
SOÑADORES,NI-VOZ-NI-VOTO,ROCK,3
NORMAL,NI-VOZ-NI-VOTO,ROCK,3
TRAIDOR,NI-VOZ-NI-VOTO,ROCK,3
YO-NO-SOY-YO,NI-VOZ-NI-VOTO,ROCK,3
ABRE-LOS-OJOS,NI-VOZ-NI-VOTO,ROCK,3
SOBERBIA,NI-VOZ-NI-VOTO,ROCK,3
PERDIENDO-EL-CONTROL,NI-VOZ-NI-VOTO,ROCK,3
ILUSA,NI-VOZ-NI-VOTO,ROCK,3
IRRACIONAL,NI-VOZ-NI-VOTO,ROCK,3
DESIDIA,NI-VOZ-NI-VOTO,ROCK,6.2
ROCKSTAR-REBELIÓN,NI-VOZ-NI-VOTO,ROCK,6
MÁS-MENTIRAS-PARA-EL-ALMA,NI-VOZ-NI-VOTO,ROCK,6
AMNESIA,NI-VOZ-NI-VOTO,ROCK,6
7-AÑOS,NI-VOZ-NI-VOTO,ROCK,6
HABLAS-TÚ,NI-VOZ-NI-VOTO,ROCK,6
LÍMITE,NI-VOZ-NI-VOTO,ROCK,6
DONDE,NI-VOZ-NI-VOTO,ROCK,6
ANTIQ,NI-VOZ-NI-VOTO,ROCK,6
JULIETA,NI-VOZ-NI-VOTO,ROCK,6
CARAMELO-DE-MENTA,LOS-PAKINES,CUMBIA,8.86
OLAS-DE-VERANO,LOS-PAKINES,CUMBIA,8.86
RAMO-DE-ROSAS,LOS-PAKINES,CUMBIA,8.86
LA-FIESTECITA,LOS-PAKINES,CUMBIA,8.86
TOMALO-O-DEJALO,LOS-PAKINES,CUMBIA,8.86
NECESITO-DE-TU-AMOR,LOS-PAKINES,CUMBIA,8.86
SAN-LUIS,LOS-PAKINES,CUMBIA,8.86
AMOR-DE-FANTASIA,LOS-PAKINES,CUMBIA,8.86
SOLITARIO-,LOS-PAKINES,CUMBIA,8.86
CAMPO-DE-FRESAS,LOS-PAKINES,CUMBIA,8.86
FUE-UNA-MENTIRA,LOS-PAKINES,CUMBIA,8.86
UNA-DULCE-AVENTURA,LOS-PAKINES,CUMBIA,8.86
GOTAS-DE-MIEL,LOS-PAKINES,CUMBIA,9.6
ES-MARAVILLOSO,LOS-PAKINES,CUMBIA,9.6
VENUS,LOS-PAKINES,CUMBIA,9.6
GARUANDO,LOS-PAKINES,CUMBIA,9.6
DIECISIETE-AÑOS,LOS-PAKINES,CUMBIA,9.6
TEMA-PARA-UN-CORAZON-SOLITARIO,LOS-PAKINES,CUMBIA,9.6
CREMA-DE-CEREZAS,LOS-PAKINES,CUMBIA,9.6
DULCEMENTE-MIA,LOS-PAKINES,CUMBIA,9.6
EN-EL-BOULEVARD,LOS-PAKINES,CUMBIA,9.6
EL-ESCARABAJO,LOS-PAKINES,CUMBIA,9.6
CANTA-COMO-SI-TE-FUERAS-A-MORIR-MAÑANA,LOS-PAKINES,CUMBIA,9.6
TIERNO-AMANECER,LOS-PAKINES,CUMBIA,9.6
DEMOLICIÓN,LOS-SAICOS,ROCK,9.34
LONELY-STAR ,LOS-SAICOS,ROCK,9.34
CAMISA-DE-FUERZA,LOS-SAICOS,ROCK,9.58
CEMENTERIO,LOS-SAICOS,ROCK,9.58
COME-ON,LOS-SAICOS,ROCK,9.72
ANA,LOS-SAICOS,ROCK,9.72
SEGUIR-EN-PIE,XERO-272,ROCK,4.2
XERO-272-ABRIL-(ESTARÉ-BIEN),XERO-272,ROCK,4.2
CRASH,XERO-272,ROCK,4.2
TÚ,XERO-272,ROCK,4.2
REGRESIÓN,XERO-272,ROCK,4.2
DÍAS-DE-FURIA,XERO-272,ROCK,4.2
EPÍLOGO-DEL-SOÑADOR,XERO-272,ROCK,4.2
MÁS-ALLÁ,XERO-272,ROCK,4.2
NO-ES-AMOR,XERO-272,ROCK,4.2
LEGADO,XERO-272,ROCK,4.2
STÁTICO,XERO-272,ROCK,4.2
SÁLVESE-QUIEN-PUEDA,VOZ-Y-NOZ,ROCK,6
TUS-SUEÑOS-(EN-MI-MENTE),VOZ-Y-NOZ,ROCK,6
CENIZAS,VOZ-Y-NOZ,ROCK,6
APARIENCIA-FUGAZ,VOZ-Y-NOZ,ROCK,6
OBERTURA-2012,VOZ-Y-NOZ,ROCK,6
TIERRA,VOZ-Y-NOZ,ROCK,6
SOLEDAD,VOZ-Y-NOZ,ROCK,6
LLUVIA-DE-FUEGO,VOZ-Y-NOZ,ROCK,6
NADA-NOS-DETENDRÁ,VOZ-Y-NOZ,ROCK,6
OLVIDAR,VOZ-Y-NOZ,ROCK,6
TRATARÉ,VOZ-Y-NOZ,ROCK,6
VUEVE-A-APARECER,VOZ-Y-NOZ,ROCK,6
CREE-EN-MI,LOS-INCAS-MODERNOS,ROCK,9
CARNAVALITO,LOS-INCAS-MODERNOS,ROCK,9
TWIST-DEL-ÚLTIMO-VERANO,LOS-INCAS-MODERNOS,ROCK,9
ARREGLO-DE-SHULFIN,LOS-INCAS-MODERNOS,ROCK,9
OLVIDAME,LOS-INCAS-MODERNOS,ROCK,9
CAMPOS-VERDES,LOS-INCAS-MODERNOS,ROCK,9
TERREMOTO,LOS-INCAS-MODERNOS,ROCK,9
NUNCA-TE-OLVIDARE,LOS-INCAS-MODERNOS,ROCK,9
TE-SIENTO-AQUI,LOS-INCAS-MODERNOS,ROCK,9
PRECIOSA,LOS-INCAS-MODERNOS,ROCK,9
COMO-UN-ANGEL,LOS-INCAS-MODERNOS,ROCK,9
BESAME-MUCHO,LOS-INCAS-MODERNOS,ROCK,9
YO-LO-VÍ-PERO-NO-SÉ-NADA,LA-BANDA-AZUL,ROCK,6
SEÑORA-BUROCRACIA,LA-BANDA-AZUL,ROCK,6
EL-ACUERDO-NACIONAL,LA-BANDA-AZUL,ROCK,6
ME-DA-IGUAL,LA-BANDA-AZUL,ROCK,6
CUESTIÓN-DE-LUGAR,LA-BANDA-AZUL,POP-ROCK,8
MÁSCARAS,LA-BANDA-AZUL,POP-ROCK,8
SIEMPRE-IGUAL,LA-BANDA-AZUL,POP-ROCK,8
UTOPÍAS,LA-BANDA-AZUL,POP-ROCK,8
BAILA-(RITMO-DISLOCADO),LA-BANDA-AZUL,POP-ROCK,8
PEDACITOS,LA-BANDA-AZUL,POP-ROCK,8
SKIRYMICI,LA-BANDA-AZUL,POP-ROCK,8
DESTINOS,LA-BANDA-AZUL,POP-ROCK,8
LA-DATA-MATA,LA-BANDA-AZUL,POP-ROCK,8
LOS-ALIADOS-ESTÁN-CANSADOS,LA-BANDA-AZUL,POP-ROCK,8
PIURA,DÚO-LORETO,FOLK,4.22
LUCHA,DÚO-LORETO,FOLK,4.22
GALÁN-DE-NOCHE,DÚO-LORETO,FOLK,4.22
JORGE,DÚO-LORETO,FOLK,4.22
UN-MOMENTO-DE-FELICIDAD,DÚO-LORETO,FOLK,4.22
TARDE-VINE-A-SABER,DÚO-LORETO,FOLK,4.22
CARMELA,DÚO-LORETO,FOLK,4.22
PORFÍA,DÚO-LORETO,FOLK,4.22
CAPRICHO,DÚO-LORETO,FOLK,4.22
ESCLAVA,DÚO-LORETO,FOLK,4.22
AGONÍA,DÚO-LORETO,FOLK,4.22
MARTHA,DÚO-LORETO,FOLK,4.22
LA-CONTAMANINA,DÚO-LORETO,FOLK,9
HERMOSA-LORETANA,DÚO-LORETO,FOLK,9
SELVA-MAJESTUOSA,DÚO-LORETO,FOLK,9
LA-LEYENDA-DEL-PÍFANO,DÚO-LORETO,FOLK,9
AMANECER-LORETANO,DÚO-LORETO,FOLK,9
LA-CHARAPITA,DÚO-LORETO,FOLK,9
BRAVO-MARINO,DÚO-LORETO,FOLK,9
LA-MINGA,DÚO-LORETO,FOLK,9
AMAZONAS,DÚO-LORETO,FOLK,9
LA-HUMISHA,DÚO-LORETO,FOLK,9
IQUITOS,DÚO-LORETO,FOLK,9
CUANDO-ME-LLEVAS,DÚO-LORETO,FOLK,9
REBECA,JAIME-CUADRA,ELECTRONICA,8
DESPERTANDO,JAIME-CUADRA,ELECTRONICA,8
EL-PROVINCIANO,JAIME-CUADRA,ELECTRONICA,8
CHOLO-SOY,JAIME-CUADRA,ELECTRONICA,8
MI-CARIÑITO,JAIME-CUADRA,ELECTRONICA,8
ÓDIAME,JAIME-CUADRA,ELECTRONICA,8
REGRESA,JAIME-CUADRA,ELECTRONICA,8
AMÉRICA-LATINA---TODOS-VUELVEN,JAIME-CUADRA,ELECTRONICA,8
EL-PIRATA,JAIME-CUADRA,ELECTRONICA,8
MAL-PASO,JAIME-CUADRA,ELECTRONICA,8
BAILA,JAIME-CUADRA,ELECTRONICA,8
NADIE-ME-SORPRENDE,JAIME-CUADRA,ELECTRONICA,8
PUNA-O-PIE,JAIME-CUADRA,ELECTRONICA,8
ENTRAÑAS,JAIME-CUADRA,ELECTRONICA,8
VOLARE,JAIME-CUADRA,ELECTRONICA,8
ÉCHAME-A-MI-LA-CULPA,JAIME-CUADRA,ELECTRONICA,8
QUIEN-SERÁ,JAIME-CUADRA,ELECTRONICA,8
SENSATEZ,JAIME-CUADRA,ELECTRONICA,8
GUACHIMÁN,LA-SARITA,ROCK,8
EL-BURÓCRATA,LA-SARITA,ROCK,8
NOS-QUIEREN-GOBERNAR,LA-SARITA,ROCK,8
DANZA-LA-RAZA,LA-SARITA,ROCK,8
LA-MURALLA,LA-SARITA,ROCK,8
ENTRE-DIOS-Y-EL-DIABLO,LA-SARITA,ROCK,8
CARIÑITO,LA-SARITA,ROCK,8
LA-MAMITA,LA-SARITA,ROCK,8
EL-TRAMPOSO,LA-SARITA,ROCK,8
¿ERES-VIP?,LA-SARITA,ROCK,8
PUEBLO-INDIO,LA-SARITA,ROCK,8
ÁRBOL,LA-SARITA,ROCK,8
CARRETERAS-MOJADAS,CHRISTIAN-MEIER,POP-ROCK,9
TUS-HUELLAS-ENTRE-LAS-MÍAS,CHRISTIAN-MEIER,POP-ROCK,9
NO-ME-ACUERDO-QUIEN-FUÍ,CHRISTIAN-MEIER,POP-ROCK,9
ESA-SI-ES-UNA-MUJER,CHRISTIAN-MEIER,POP-ROCK,9
EL-CIELO-ES-MAYOR,CHRISTIAN-MEIER,POP-ROCK,9
SERE-LO-QUE-QUIERAS-QUE-SEA,CHRISTIAN-MEIER,POP-ROCK,9
FRENTE-A-MIS-OJOS,CHRISTIAN-MEIER,POP-ROCK,9
VUELVES-A-APARECER,CHRISTIAN-MEIER,POP-ROCK,9
PROFUNDO-SUEÑO,CHRISTIAN-MEIER,POP-ROCK,9
LENGUAS-DE-FUEGO,CHRISTIAN-MEIER,POP-ROCK,9
QUIÉN-SABE,CHRISTIAN-MEIER,POP-ROCK,4
QUÉDATE,CHRISTIAN-MEIER,POP-ROCK,4
ESPÉRAME-EN-EL-TREN,CHRISTIAN-MEIER,POP-ROCK,4
LUGAR-EN-EL-SOFÁ,CHRISTIAN-MEIER,POP-ROCK,4
ÁNGEL-DEL-CUARTO-PISO,CHRISTIAN-MEIER,POP-ROCK,4
SENTIMIENTO,CHRISTIAN-MEIER,POP-ROCK,4
PRIMERO-EN-MOJARME,CHRISTIAN-MEIER,POP-ROCK,4
VERTE-ME-DA-IGUAL,CHRISTIAN-MEIER,POP-ROCK,4
ME-RECUERDAS-A-ALGUIEN,CHRISTIAN-MEIER,POP-ROCK,4
NO-ME-MAREES,CHRISTIAN-MEIER,POP-ROCK,4
REPARTO-OTRA-VEZ,CHRISTIAN-MEIER,POP-ROCK,4
NUEVO-SOL,CHRISTIAN-MEIER,POP-ROCK,4
NADIE-COMO-TÚ,CHRISTIAN-MEIER,POP-ROCK,8
ALGUIEN,CHRISTIAN-MEIER,POP-ROCK,8
REGRESO-AL-INFIERNO,CHRISTIAN-MEIER,POP-ROCK,8
NOVIA-DE-NADIE,CHRISTIAN-MEIER,POP-ROCK,8
NO-LLORES-MÁS,CHRISTIAN-MEIER,POP-ROCK,8
MEMPHIS-MAFIA,CHRISTIAN-MEIER,POP-ROCK,8
INDECENTE,CHRISTIAN-MEIER,POP-ROCK,8
ESA-SÍ-ES-UNA-MUJER,CHRISTIAN-MEIER,POP-ROCK,8
LO-QUE-NO-VIVÍ,CHRISTIAN-MEIER,POP-ROCK,8
ADIÓS-MUNDO-CRUEL,CHRISTIAN-MEIER,POP-ROCK,8
GAME-OVER,CHRISTIAN-MEIER,POP-ROCK,8
EL-RENEGON,LOS-DESTELLOS,ROCK,9.14
GUAJIRA-SICODELICA,LOS-DESTELLOS,ROCK,9.14
LA-CHARAPITA,LOS-DESTELLOS,ROCK,9.14
EL-CHUCU-CHUCU,LOS-DESTELLOS,ROCK,9.14
EL-AVISPÓN,LOS-DESTELLOS,ROCK,9.14
RECORDANTE,LOS-DESTELLOS,ROCK,9.14
LA-ARDILLITA,LOS-DESTELLOS,ROCK,9.14
HERMOSA-MELODIA,LOS-DESTELLOS,ROCK,9.14
DESCARGA-ELECTRICA,LOS-DESTELLOS,ROCK,9.14
CUANDO-BAILA-NARDA,LOS-DESTELLOS,ROCK,9.14
LA-MALVADA,LOS-DESTELLOS,ROCK,9.14
RONDA-TROPICAL,LOS-DESTELLOS,ROCK,9.4
ELSA,LOS-DESTELLOS,ROCK,9.4
ME-RESIGNARE,LOS-DESTELLOS,ROCK,9.4
LA-CUMBIA-DEL-NIÑO,LOS-DESTELLOS,ROCK,9.4
VOLANDO-CON-ELLA,LOS-DESTELLOS,ROCK,9.4
LA-ULTIMA-DANZA,LOS-DESTELLOS,ROCK,9.4
MARTIN,LOS-DESTELLOS,ROCK,9.4
TU-DONDE-ESTAS,LOS-DESTELLOS,ROCK,9.4
UN-DESTELLO-EN-LA-PRADERA,LOS-DESTELLOS,ROCK,9.4
PRONTO-UN-DOCTOR,LOS-YORK'S,ROCK,8.66
ROGARAS,LOS-YORK'S,ROCK,8.66
LA-CARTA,LOS-YORK'S,ROCK,8.66
ESPERANDO,LOS-YORK'S,ROCK,8.66
ENAMORADA-DE-UN-AMIGO-MIO,LOS-YORK'S,ROCK,8.66
ABRAZAME,LOS-YORK'S,ROCK,8.66
NO-PUEDO-AMAR,LOS-YORK'S,ROCK,8.66
CIELO-,LOS-YORK'S,ROCK,8.66
MUY-FACIL,LOS-YORK'S,ROCK,8.66
HUNKI-PANKY,LOS-YORK'S,ROCK,8.66
PENSANDO-ESTOY,LOS-YORK'S,ROCK,8.66
SOLO-PIDO-AMOR,LOS-YORK'S,ROCK,8.62
CHARO,LOS-YORK'S,ROCK,8.62
SE-QUE-NO-CAMBIARAS,LOS-YORK'S,ROCK,8.62
VALLERY,LOS-YORK'S,ROCK,8.62
MIRA-TU,LOS-YORK'S,ROCK,8.62
LA-ALEGRIA-DE-TU-AMOR,LOS-YORK'S,ROCK,8.62
EL-VIAJE,LOS-YORK'S,ROCK,8.62
SOLO-ESTOY,LOS-YORK'S,ROCK,8.62
AYER-TUVE-UN-SUEÑO,LOS-YORK'S,ROCK,8
VUELVE,LOS-YORK'S,ROCK,8
EL-PRESO,LOS-YORK'S,ROCK,8
EL-SICODELICO,LOS-YORK'S,ROCK,8
CATEDRAL-DE-WINCHESTER,LOS-YORK'S,ROCK,8
JUSTO-A-MI-GUSTO,LOS-YORK'S,ROCK,8
EL-LOCO,LOS-YORK'S,ROCK,8
ARREPENTIDO,LOS-YORK'S,ROCK,8
EL-BATMAN-DEL-KAYSER,LOS-YORK'S,ROCK,8
EL-ULTIMO-BESO,LOS-YORK'S,ROCK,8
EL-PODER-VERDE,LOS-MIRLOS,CUMBIA,9.46
CUMBIA-AMAZÓNICA,LOS-MIRLOS,CUMBIA,9.46
VUELA-PAJARITO-VUELA,LOS-MIRLOS,CUMBIA,9.46
TEMA-EL-AMOR-LIBRE,LOS-MIRLOS,CUMBIA,9.46
EL-JUEGO-DE-TU-AMOR,LOS-MIRLOS,CUMBIA,9.46
LA-DULZURA-DE-TUS-LABIOS,LOS-MIRLOS,CUMBIA,9.46
LAMENTO-EN-LA-SELVA,LOS-MIRLOS,CUMBIA,9.46
EL-CHASCO,LOS-MIRLOS,CUMBIA,9.46
CHINITO-EN-ONDA,LOS-MIRLOS,CUMBIA,9.46
EL-VAIVÉN,LOS-MIRLOS,CUMBIA,9.46
EL-ESCAPE,LOS-MIRLOS,CUMBIA,9.46
PARA-VIOLETA,LOS-MIRLOS,CUMBIA,9.46
EL-SONIDO-DE-LOS-MIRLOS,LOS-MIRLOS,CUMBIA,9.28
BAILANDO-CON-ROSITA,LOS-MIRLOS,CUMBIA,9.28
ILUSIÓN-DE-AMOR,LOS-MIRLOS,CUMBIA,9.28
DON-AGUCHO,LOS-MIRLOS,CUMBIA,9.28
SINFONÍA-PARA-UN-RECUERDO,LOS-MIRLOS,CUMBIA,9.28
LA-JUGUETONA,LOS-MIRLOS,CUMBIA,9.28
AMOR-TIERNO-AMOR,LOS-MIRLOS,CUMBIA,9.28
HERMOSA-FLOR,LOS-MIRLOS,CUMBIA,9.28
LENITA,LOS-MIRLOS,CUMBIA,9.28
SÚPLICA-DE-AMOR,LOS-MIRLOS,CUMBIA,9.28
MACHU-PICCHU-BLUES,GERARDO-MANUEL-&-HUMO,ROCK,8.56
PERDIDO,GERARDO-MANUEL-&-HUMO,ROCK,8.56
HEY-ESPAÑOLES-NO-ESCUCHAN-EL-LAMENTO-DE-LOS-INCAS?,GERARDO-MANUEL-&-HUMO,ROCK,8.56
LA-LEYENDA-DEL-LAGO,GERARDO-MANUEL-&-HUMO,ROCK,8.56
PUNTO-Y-APARTE,GERARDO-MANUEL-&-HUMO,ROCK,8.56
MADRE-TIERRA-(LO-SENTIMOS),GERARDO-MANUEL-&-HUMO,ROCK,8.56
MUNDOS-EXTRANOS,GERARDO-MANUEL-&-HUMO,ROCK,8.56
HACIA-DONDE-VAN?,GERARDO-MANUEL-&-HUMO,ROCK,8.56
DICIEMBRE-31.-1999-5:36P.M.,GERARDO-MANUEL-&-HUMO,ROCK,8.56
APOCALLYPSIS-(PRINCIPIO-Y-FIN)-,GERARDO-MANUEL-&-HUMO,ROCK,8.46
ESTAS-LISTO?-,GERARDO-MANUEL-&-HUMO,ROCK,8.46
MIRANDO-AL-FUTURO-,GERARDO-MANUEL-&-HUMO,ROCK,8.46
NOCHE-SOLITARIA-,GERARDO-MANUEL-&-HUMO,ROCK,8.46
PODER-DEL-ALMA-,GERARDO-MANUEL-&-HUMO,ROCK,8.46
TE-TRAERÉ-FLORES-EN-LA-MAÑANA-,GERARDO-MANUEL-&-HUMO,ROCK,8.46
ADONDE-FUISTE?-,GERARDO-MANUEL-&-HUMO,ROCK,8.46
ALMA-DE-ROCK-&-ROLL-,GERARDO-MANUEL-&-HUMO,ROCK,8.46
LO-PUEDO-HACER-SI-TU-LO-HACES-,GERARDO-MANUEL-&-HUMO,ROCK,8.46
96-LAGRIMAS-,GERARDO-MANUEL-&-HUMO,ROCK,8.46
AY-AMOR,LOS-ANGELES-NEGROS,ROCK,8.86
MI-NIÑA,LOS-ANGELES-NEGROS,ROCK,8.86
COMO-QUISIERA-DECIRTE,LOS-ANGELES-NEGROS,ROCK,8.86
TANTO-ADIOS,LOS-ANGELES-NEGROS,ROCK,8.86
YO-SE-QUE-ESTAS,LOS-ANGELES-NEGROS,ROCK,8.86
EL-REY-Y-YO,LOS-ANGELES-NEGROS,ROCK,8.86
Y-VOLVERE,LOS-ANGELES-NEGROS,ROCK,8.86
MEJOR-ES-MORIR-MORIR,LOS-ANGELES-NEGROS,ROCK,8.86
Y-BUEN-VIAJE,LOS-ANGELES-NEGROS,ROCK,8.86
POR-SIEMPRE,LOS-ANGELES-NEGROS,ROCK,8.86
DE-OTRO-BRAZO,LOS-ANGELES-NEGROS,ROCK,8.86
MURIO-LA-FLOR,LOS-ANGELES-NEGROS,ROCK,8.86
LA-CIUDAD-SIN-TI,LOS-ANGELES-NEGROS,ROCK,9.42
CAMINANDO-POR-LA-NOCHE,LOS-ANGELES-NEGROS,ROCK,9.42
MI-VENTANA,LOS-ANGELES-NEGROS,ROCK,9.42
QUISIERA-NO-QUERERTE-MAS,LOS-ANGELES-NEGROS,ROCK,9.42
GRACIAS-MI-AMOR,LOS-ANGELES-NEGROS,ROCK,9.42
LA-HUELLA-DE-MI-AMOR,LOS-ANGELES-NEGROS,ROCK,9.42
QUIERO-MAS-DE-TI,LOS-ANGELES-NEGROS,ROCK,9.42
REQUIEM-A-UN-AMOR,LOS-ANGELES-NEGROS,ROCK,9.42
EN-TU-AMOR,LOS-ANGELES-NEGROS,ROCK,9.42
LAS-VICTORIAS-DE-VIÑA-DEL-MAR,LOS-ANGELES-NEGROS,ROCK,9.42
GRACIAS-A-LA-TIERRA,LOS-ANGELES-NEGROS,ROCK,9.42
TE-DEJO-LA-CUIDAD-SIN-MI,LOS-ANGELES-NEGROS,ROCK,9.42
EL-PORCENTAJE,LOS-ANGELES-NEGROS,ROCK,9.2
TOO-LATE,BLACK-SUGAR-_-BLACK-SUGAR,FUNK/SOUL,9.08
VIAJECITO,BLACK-SUGAR-_-BLACK-SUGAR,FUNK/SOUL,9.661
THE-LOOSER,BLACK-SUGAR-_-BLACK-SUGAR,FUNK/SOUL,9.662
THIS-TIME,BLACK-SUGAR-_-BLACK-SUGAR,FUNK/SOUL,9.663
FUNKY-MAN,BLACK-SUGAR-_-BLACK-SUGAR,FUNK/SOUL,9.664
UNDERSTANDING,BLACK-SUGAR-_-BLACK-SUGAR,FUNK/SOUL,9.665
WHEN-YOU'RE-WALKING,BLACK-SUGAR-_-BLACK-SUGAR,FUNK/SOUL,9.661
WHEN-I-NEEDED-SOMEONE,BLACK-SUGAR-_-BLACK-SUGAR,FUNK/SOUL,9.661
PUSSY-CAT,BLACK-SUGAR-_-BLACK-SUGAR,FUNK/SOUL,9.668
FUEGO,BLACK-SUGAR-_-BLACK-SUGAR-II,FUNK/SOUL,8.781
VALDEZ-IN-THE-COUNTRY,BLACK-SUGAR-_-BLACK-SUGAR-II,FUNK/SOUL,8.782
DON'T-YOU-WORRY-ABOUT-A-THING,BLACK-SUGAR-_-BLACK-SUGAR-II,FUNK/SOUL,8.783
THE-DAWN-OF-MY-MADNESS,BLACK-SUGAR-_-BLACK-SUGAR-II,FUNK/SOUL,8.784
I-WANT-TO-BELIEVE,BLACK-SUGAR-_-BLACK-SUGAR-II,FUNK/SOUL,8.785
CHECAN,BLACK-SUGAR-_-BLACK-SUGAR-II,FUNK/SOUL,8.786
KATHY,BLACK-SUGAR-_-BLACK-SUGAR-II,FUNK/SOUL,8.787
ALL-YOUR-LOVE,BLACK-SUGAR-_-BLACK-SUGAR-II,FUNK/SOUL,8.788
WAKE-UP,BLACK-SUGAR-_-BLACK-SUGAR-II,FUNK/SOUL,8.789
BULE-BULE,LOS-SHAIN'S-–-EL-RITMO-DE-LOS-SHAIN'S,FUNK/SOUL,8.68
SHAIN'S-A-GO-GO,LOS-SHAIN'S-–-EL-RITMO-DE-LOS-SHAIN'S,FUNK/SOUL,8.68
FEVER,LOS-SHAIN'S-–-EL-RITMO-DE-LOS-SHAIN'S,FUNK/SOUL,8.68
AGENTE-SECRETO,LOS-SHAIN'S-–-EL-RITMO-DE-LOS-SHAIN'S,FUNK/SOUL,8.68
HOY,LOS-SHAIN'S-–-EL-RITMO-DE-LOS-SHAIN'S,FUNK/SOUL,8.68
EL-BAÑO-DEL-PAJARO,LOS-SHAIN'S-–-EL-RITMO-DE-LOS-SHAIN'S,FUNK/SOUL,8.68
EL-BAÑO-DEL-PAJARO,LOS-SHAIN'S-–-EL-RITMO-DE-LOS-SHAIN'S,FUNK/SOUL,8.68
EL-SABOR-DE-LA-MIEL,LOS-SHAIN'S-–-EL-RITMO-DE-LOS-SHAIN'S,FUNK/SOUL,8.68
VAMOS,LOS-SHAIN'S-–-EL-RITMO-DE-LOS-SHAIN'S,FUNK/SOUL,8.68
CIUDAD-DE-ROMPIENTES,LOS-SHAIN'S-–-EL-RITMO-DE-LOS-SHAIN'S,FUNK/SOUL,8.68
EL-MONSTRUO,LOS-SHAIN'S-–-EL-RITMO-DE-LOS-SHAIN'S,FUNK/SOUL,8.68
MISIRLOU,LOS-SHAIN'S-–-EL-RITMO-DE-LOS-SHAIN'S,FUNK/SOUL,8.68
TENEMOS-QUE-IRNOS-DE-AQUI,LOS-SHAIN'S-–-EL-RITMO-DE-LOS-SHAIN'S,FUNK/SOUL,8.68
ELLA-NO-ESTA-ALLI,LOS-SHAIN'S-–-EL-RITMO-DE-LOS-SHAIN'S,FUNK/SOUL,8.68
A-PATRICIA,LOS-DESTELLOS-–-CONSTELACIÓN,FUNK/SOUL,8.74
SEÑORITA,LOS-DESTELLOS-–-CONSTELACIÓN,FUNK/SOUL,8.74
EL-CORNETA,LOS-DESTELLOS-–-CONSTELACIÓN,FUNK/SOUL,8.74
CONSTELACIÓN,LOS-DESTELLOS-–-CONSTELACIÓN,FUNK/SOUL,8.74
ONSTA-LA-YERBITA,LOS-DESTELLOS-–-CONSTELACIÓN,FUNK/SOUL,8.74
PASIÓN-ORIENTAL,LOS-DESTELLOS-–-CONSTELACIÓN,FUNK/SOUL,8.74
PASIÓN-ORIENTAL,LOS-DESTELLOS-–-CONSTELACIÓN,FUNK/SOUL,8.74
LA-CANCIÓN-DE-LILY,LOS-DESTELLOS-–-CONSTELACIÓN,FUNK/SOUL,8.74
LA-CANCIÓN-DE-LILY,LOS-DESTELLOS-–-CONSTELACIÓN,FUNK/SOUL,8.74
AZUQUITA,LOS-DESTELLOS-–-CONSTELACIÓN,FUNK/SOUL,8.74
LA-ARAÑITA,LOS-DESTELLOS-–-CONSTELACIÓN,FUNK/SOUL,8.74
VIAJECITO,BLACK-SUGAR-–-VIAJECITO-/-TOO-LATE,FUNK/SOUL,9.2
TOO-LATE,BLACK-SUGAR-–-VIAJECITO-/-TOO-LATE,FUNK/SOUL,9.2
JUANECO-Y-SU-COMBO–VACILANDO-EN-AYAHUASCA,VARIOUS-–-AYAHUASCA:-CUMBIAS-PSICODÉLICAS-VOL.-1,FUNK/SOUL,9.1
RANIL-Y-SU-CONJUNTO-TROPICAL–LAS-OLEADAS,VARIOUS-–-AYAHUASCA:-CUMBIAS-PSICODÉLICAS-VOL.-2,FUNK/SOUL,9.1
GRUPO-ARMONIA-DE-PUCALLPA–SELVA-ARDIENTE,VARIOUS-–-AYAHUASCA:-CUMBIAS-PSICODÉLICAS-VOL.-3,FUNK/SOUL,9.1
LOS-ZHEROS–CUARTO-OSCURO,VARIOUS-–-AYAHUASCA:-CUMBIAS-PSICODÉLICAS-VOL.-4,FUNK/SOUL,9.1
LOS-CHARLES-DE-HUARAL–EL-JUDIO,VARIOUS-–-AYAHUASCA:-CUMBIAS-PSICODÉLICAS-VOL.-5,FUNK/SOUL,9.1
LOS-BLANCAGUAY*–LA-NEGRITA,VARIOUS-–-AYAHUASCA:-CUMBIAS-PSICODÉLICAS-VOL.-6,FUNK/SOUL,9.1
JUANECO-Y-SU-COMBO–LA-PASTITA,VARIOUS-–-AYAHUASCA:-CUMBIAS-PSICODÉLICAS-VOL.-7,FUNK/SOUL,9.1
LOS-TELSTAR'S–NEGRA-TOMA-CACHINA,VARIOUS-–-AYAHUASCA:-CUMBIAS-PSICODÉLICAS-VOL.-8,FUNK/SOUL,9.1
LOS-RADIANTES*–SEÑOR-BRUJO,VARIOUS-–-AYAHUASCA:-CUMBIAS-PSICODÉLICAS-VOL.-9,FUNK/SOUL,9.1
CONJUNTO-MIEL–MULATA,VARIOUS-–-AYAHUASCA:-CUMBIAS-PSICODÉLICAS-VOL.-10,FUNK/SOUL,9.1
GRUPO-SANTA-FE–SIMPLE-DE-SANTA-FE,VARIOUS-–-AYAHUASCA:-CUMBIAS-PSICODÉLICAS-VOL.-11,FUNK/SOUL,9.1
EL-COMIENZO–EL-ARBOL,VARIOUS-–-AYAHUASCA:-CUMBIAS-PSICODÉLICAS-VOL.-12,FUNK/SOUL,9.1
EL-OPIO–KASHANGA,VARIOUS-–-AYAHUASCA:-CUMBIAS-PSICODÉLICAS-VOL.-13,FUNK/SOUL,9.1
LOS-TELSTAR'S–BONGOCERO,VARIOUS-–-AYAHUASCA:-CUMBIAS-PSICODÉLICAS-VOL.-14,FUNK/SOUL,9.1
THE-BLACK-CATS-(4)–SUENO-MAGICO,VARIOUS-–-AYAHUASCA:-CUMBIAS-PSICODÉLICAS-VOL.-15,FUNK/SOUL,9.1
LOS-ESCARAMUJOS–SOUL-FINGER,VARIOUS-–-AYAHUASCA:-CUMBIAS-PSICODÉLICAS-VOL.-16,FUNK/SOUL,9.1
LOS-DARLINGS-DE-HUANUCO–MARIHUANA,VARIOUS-–-AYAHUASCA:-CUMBIAS-PSICODÉLICAS-VOL.-17,FUNK/SOUL,9.1
CONJUNTO-SANTANITA–JE-T'AIME-NOI-NON-PLUS,VARIOUS-–-AYAHUASCA:-CUMBIAS-PSICODÉLICAS-VOL.-18,FUNK/SOUL,9.1
EL-POLLITO,LOS-DESTELLOS-–-EN-ORBITA,FUNK/SOUL,9.44
CUCARACHA,LOS-DESTELLOS-–-EN-ORBITA,FUNK/SOUL,9.44
DESCARGA-DESTELLOS,LOS-DESTELLOS-–-EN-ORBITA,FUNK/SOUL,9.44
FRENÉTICA-GUAJIRA,LOS-DESTELLOS-–-EN-ORBITA,FUNK/SOUL,9.44
CUMBIA-MORENA,LOS-DESTELLOS-–-EN-ORBITA,FUNK/SOUL,9.44
CUMBIA-DEL-DESIERTO,LOS-DESTELLOS-–-EN-ORBITA,FUNK/SOUL,9.44
DIVINA-MONTAÑA,LOS-DESTELLOS-–-EN-ORBITA,FUNK/SOUL,9.44
PARA-ELISA,LOS-DESTELLOS-–-EN-ORBITA,FUNK/SOUL,9.44
BOOGALOO-DE-LOS-DESTELLOS,LOS-DESTELLOS-–-EN-ORBITA,FUNK/SOUL,9.44
VIRGENCITA,LOS-DESTELLOS-–-EN-ORBITA,FUNK/SOUL,9.44
IVANNA,LOS-DESTELLOS-–-EN-ORBITA,FUNK/SOUL,9.44
MI-RITMO-JALAÍTO,LOS-DESTELLOS-–-EN-ORBITA,FUNK/SOUL,9.44
ESO-SE-LLAMA-SON-MONTUNO,ENRIQUE-LYNCH-Y-SU-CONJUNTO-–-BOMBA-TROPICAL,FUNK/SOUL,9.26
VAMONOS-PA-'L-MONTE,ENRIQUE-LYNCH-Y-SU-CONJUNTO-–-BOMBA-TROPICAL,FUNK/SOUL,9.26
ZAMBA-KATANGA,ENRIQUE-LYNCH-Y-SU-CONJUNTO-–-BOMBA-TROPICAL,FUNK/SOUL,9.26
EL-AGUA-DE-BELEN,ENRIQUE-LYNCH-Y-SU-CONJUNTO-–-BOMBA-TROPICAL,FUNK/SOUL,9.26
SONIA,ENRIQUE-LYNCH-Y-SU-CONJUNTO-–-BOMBA-TROPICAL,FUNK/SOUL,9.26
CAMPO-DE-FRESAS,ENRIQUE-LYNCH-Y-SU-CONJUNTO-–-BOMBA-TROPICAL,FUNK/SOUL,9.26
EL-PADRINO,ENRIQUE-LYNCH-Y-SU-CONJUNTO-–-BOMBA-TROPICAL,FUNK/SOUL,9.26
SAFARI-SALVAJE,ENRIQUE-LYNCH-Y-SU-CONJUNTO-–-BOMBA-TROPICAL,FUNK/SOUL,9.26
K.-JEE,ENRIQUE-LYNCH-Y-SU-CONJUNTO-–-BOMBA-TROPICAL,FUNK/SOUL,9.26
A-LA-MEMORIA-DEL-MUERTO,ENRIQUE-LYNCH-Y-SU-CONJUNTO-–-BOMBA-TROPICAL,FUNK/SOUL,9.26
MERECUMBE,ENRIQUE-LYNCH-Y-SU-CONJUNTO-–-BOMBA-TROPICAL,FUNK/SOUL,9.26
LA-BOCINA,ENRIQUE-LYNCH-Y-SU-CONJUNTO-–-BOMBA-TROPICAL,FUNK/SOUL,9.26
PALOMITAS-DE-MAIZ,ENRIQUE-LYNCH-Y-SU-CONJUNTO-–-BOMBA-TROPICAL,FUNK/SOUL,9.26
YO-TRAIGO-LA-SALSA,ENRIQUE-LYNCH-Y-SU-CONJUNTO-–-BOMBA-TROPICAL,FUNK/SOUL,9.26
OTRO-AÑO,ENRIQUE-LYNCH-Y-SU-CONJUNTO-–-BOMBA-TROPICAL,FUNK/SOUL,9.26
QUIERO-QUE-AMANEZCA,ENRIQUE-LYNCH-Y-SU-CONJUNTO-–-BOMBA-TROPICAL,FUNK/SOUL,9.26
BAILE-MI-RUMBITA,ENRIQUE-LYNCH-Y-SU-CONJUNTO-–-BOMBA-TROPICAL,FUNK/SOUL,9.26
TAKA-TAKATA,ENRIQUE-LYNCH-Y-SU-CONJUNTO-–-BOMBA-TROPICAL,FUNK/SOUL,9.26
EL-NEGRO-JAVIER,SONORA-CASINO-–-TROMPETEROS,FUNK/SOUL,8.52
PASA-PASA,SONORA-CASINO-–-TROMPETEROS,FUNK/SOUL,8.52
TROMPETEROS,SONORA-CASINO-–-TROMPETEROS,FUNK/SOUL,8.52
BOBBY,SONORA-CASINO-–-TROMPETEROS,FUNK/SOUL,8.52
ASTRONAUTAS-A-MERCURIO,SONORA-CASINO-–-TROMPETEROS,FUNK/SOUL,8.52
EL-TURRÓN-DE-POCHITA,SONORA-CASINO-–-TROMPETEROS,FUNK/SOUL,8.52
GUAJIRA-DEL-AMOR,SONORA-CASINO-–-TROMPETEROS,FUNK/SOUL,8.52
SERRANO,SONORA-CASINO-–-TROMPETEROS,FUNK/SOUL,8.52
CANCHA-MOTE-Y-PAPA,SONORA-CASINO-–-TROMPETEROS,FUNK/SOUL,8.52
PA'L-GUSTO,SONORA-CASINO-–-TROMPETEROS,FUNK/SOUL,8.52
EL-CULANTRO,SONORA-CASINO-–-TROMPETEROS,FUNK/SOUL,8.52
"VUDÚ,JEAN-PAUL-""EL-TROGLODITA""*-–-VUDÚ,FUNK/SOUL,9.16"
"ANY-TIME,JEAN-PAUL-""EL-TROGLODITA""*-–-VUDÚ,FUNK/SOUL,9.16"
"PEACE-AND-LOVE,JEAN-PAUL-""EL-TROGLODITA""*-–-VUDÚ,FUNK/SOUL,9.16"
"EVERYTHING-IS-GONNA-CHANGE,JEAN-PAUL-""EL-TROGLODITA""*-–-VUDÚ,FUNK/SOUL,9.16"
"TE-AMO-MAS,JEAN-PAUL-""EL-TROGLODITA""*-–-VUDÚ,FUNK/SOUL,9.16"
"MAMMY-BLUE,JEAN-PAUL-""EL-TROGLODITA""*-–-VUDÚ,FUNK/SOUL,9.16"
"SOÑAR-BAILAR-Y-CANTAR,JEAN-PAUL-""EL-TROGLODITA""*-–-VUDÚ,FUNK/SOUL,9.16"
"REMEMBER-MY-LOVE,JEAN-PAUL-""EL-TROGLODITA""*-–-VUDÚ,FUNK/SOUL,9.16"
"PORTENSE-BIEN,JEAN-PAUL-""EL-TROGLODITA""*-–-VUDÚ,FUNK/SOUL,9.16"
ZAMBA-ZAMBA,SANGRE-JOVEN-(3)-–-ZAMBA-ZAMBA,FUNK/SOUL,9.56
CHEVERE,SANGRE-JOVEN-(3)-–-ZAMBA-ZAMBA,FUNK/SOUL,9.56
LOBOS-AL-ESCAPE,LOS-ORIENTALES*-–-LOBOS-AL-ESCAPE-/-LA-CARCOCHA,FUNK/SOUL,9.48
LA-CARCOCHA,LOS-ORIENTALES*-–-LOBOS-AL-ESCAPE-/-LA-CARCOCHA,FUNK/SOUL,9.48
CANDELA, ZULU,FUNK/SOUL,9.44
SUEÑO-DE-AMOR, ZULU,FUNK/SOUL,9.44
COMO-UNA-ESCALERA, ZULU,FUNK/SOUL,9.44
CARIÑO-GRANDE, ZULU,FUNK/SOUL,9.44
SI-EN-EL-CIELO-YO-VIVIERA, ZULU,FUNK/SOUL,9.44
SANA-CAMALEON, ZULU,FUNK/SOUL,9.44
LABERINTOS, ZULU,FUNK/SOUL,9.44
TUS-PALABRAS, ZULU,FUNK/SOUL,9.44
SAN-ISIDRO-DE-MI, ZULU,FUNK/SOUL,9.44
COMO-LIRIOS-EN-EL-CAMPO, ZULU,FUNK/SOUL,9.44
COMO-UN-AVE,GRUPO-CELESTE-–-..EL-FABULOSO!,FUNK/SOUL,9.2
MI-LAMENTO,GRUPO-CELESTE-–-..EL-FABULOSO!,FUNK/SOUL,9.2
PUEBLO,GRUPO-CELESTE-–-..EL-FABULOSO!,FUNK/SOUL,9.2
CANCIÓN-DEL-MAESTRO,GRUPO-CELESTE-–-..EL-FABULOSO!,FUNK/SOUL,9.2
NO-TE-DEJARÉ,GRUPO-CELESTE-–-..EL-FABULOSO!,FUNK/SOUL,9.2
TU-RETRATO,GRUPO-CELESTE-–-..EL-FABULOSO!,FUNK/SOUL,9.2
SOY-OBRERO,GRUPO-CELESTE-–-..EL-FABULOSO!,FUNK/SOUL,9.2
HERMANO,GRUPO-CELESTE-–-..EL-FABULOSO!,FUNK/SOUL,9.2
PERDÍ-UNA-FLOR,GRUPO-CELESTE-–-..EL-FABULOSO!,FUNK/SOUL,9.2
MI-PEQUEÑA-JULIETA,GRUPO-CELESTE-–-..EL-FABULOSO!,FUNK/SOUL,9.2
SACALE-CONCIERTO-PARA-RITMO-PARA-RITMO-,LOS-DESTELLOS-–-ARROLLANDO,FUNK/SOUL,8.8
SACALAGUA,LOS-DESTELLOS-–-ARROLLANDO,FUNK/SOUL,8.8
LA-MALCRIADA,LOS-DESTELLOS-–-ARROLLANDO,FUNK/SOUL,8.8
EL-RAPIDITO,LOS-DESTELLOS-–-ARROLLANDO,FUNK/SOUL,8.8
SACALE-LA-MIEL,LOS-DESTELLOS-–-ARROLLANDO,FUNK/SOUL,8.8
LA-NIÑA-DE-ACUARIO,LOS-DESTELLOS-–-ARROLLANDO,FUNK/SOUL,8.8
AMOR-ANDINO,LOS-DESTELLOS-–-ARROLLANDO,FUNK/SOUL,8.8
ASI-TE-QUIERO,LOS-DESTELLOS-–-ARROLLANDO,FUNK/SOUL,8.8
RECORDANDO-A-HUASTA,LOS-DESTELLOS-–-ARROLLANDO,FUNK/SOUL,8.8
NOCHE-DE-GARUA,LOS-DESTELLOS-–-ARROLLANDO,FUNK/SOUL,8.8
MI-MORENA-LINDA,LOS-DESTELLOS-–-ARROLLANDO,FUNK/SOUL,8.8
ESTE-ES-EL-RITMO-QUE-ME-GUSTA-(THAT'S-THE-WAY-I-LIKE-IT),ENRIQUE-LYNCH-Y-SU-ORQUESTA-–-BAILEMOS-BUMP-BUMP,FUNK/SOUL,9.46
AFRICAN-BUMP,ENRIQUE-LYNCH-Y-SU-ORQUESTA-–-BAILEMOS-BUMP-BUMP,FUNK/SOUL,9.46
HAZLO-COMO-QUIERAS-(DO-IT-ANY-WAY-YOU-WANNA),ENRIQUE-LYNCH-Y-SU-ORQUESTA-–-BAILEMOS-BUMP-BUMP,FUNK/SOUL,9.46
EL-APURADO-(THE-HUSTLE),ENRIQUE-LYNCH-Y-SU-ORQUESTA-–-BAILEMOS-BUMP-BUMP,FUNK/SOUL,9.46
LA-BOTELLA,ENRIQUE-LYNCH-Y-SU-ORQUESTA-–-BAILEMOS-BUMP-BUMP,FUNK/SOUL,9.46
AL-RITMO-DEL-BUMP-BUMP,ENRIQUE-LYNCH-Y-SU-ORQUESTA-–-BAILEMOS-BUMP-BUMP,FUNK/SOUL,9.46
VOLARE,ENRIQUE-LYNCH-Y-SU-ORQUESTA-–-BAILEMOS-BUMP-BUMP,FUNK/SOUL,9.46
SIN-PALABRAS,ENRIQUE-LYNCH-Y-SU-ORQUESTA-–-BAILEMOS-BUMP-BUMP,FUNK/SOUL,9.46
CHOCA-LAS-CADERAS,ENRIQUE-LYNCH-Y-SU-ORQUESTA-–-BAILEMOS-BUMP-BUMP,FUNK/SOUL,9.46
VUELA-ROBIN-VUELA-(FLY-ROBIN-FLY),ENRIQUE-LYNCH-Y-SU-ORQUESTA-–-BAILEMOS-BUMP-BUMP,FUNK/SOUL,9.46
LA-HILANDERA,LOS-DESTELLOS-–-DESTELLANTES,FUNK/SOUL,9.08
CAMINITO-SERRANO,LOS-DESTELLOS-–-DESTELLANTES,FUNK/SOUL,9.08
EL-CAMPESINO,LOS-DESTELLOS-–-DESTELLANTES,FUNK/SOUL,9.08
RITA,LOS-DESTELLOS-–-DESTELLANTES,FUNK/SOUL,9.08
SENCILLITA,LOS-DESTELLOS-–-DESTELLANTES,FUNK/SOUL,9.08
LA-LLORONA,LOS-DESTELLOS-–-DESTELLANTES,FUNK/SOUL,9.08
LA-PASTORCITA,LOS-DESTELLOS-–-DESTELLANTES,FUNK/SOUL,9.08
VOLANDO-ALTO,LOS-DESTELLOS-–-DESTELLANTES,FUNK/SOUL,9.08
LEJANIA,LOS-DESTELLOS-–-DESTELLANTES,FUNK/SOUL,9.08
ELIAS-SORIA,LOS-DESTELLOS-–-DESTELLANTES,FUNK/SOUL,9.08
RESENTIDA,LOS-DESTELLOS-–-DESTELLANTES,FUNK/SOUL,9.08
ESO-SE-LLAMA-SON-MONTUNO,ENRIQUE-LYNCH-Y-SU-CONJUNTO-–-BOMBA-TROPICAL,FUNK/SOUL,9.32
VAMONOS-PA-'L-MONTE,ENRIQUE-LYNCH-Y-SU-CONJUNTO-–-BOMBA-TROPICAL,FUNK/SOUL,9.32
ZAMBA-KATANGA,ENRIQUE-LYNCH-Y-SU-CONJUNTO-–-BOMBA-TROPICAL,FUNK/SOUL,9.32
EL-AGUA-DE-BELEN,ENRIQUE-LYNCH-Y-SU-CONJUNTO-–-BOMBA-TROPICAL,FUNK/SOUL,9.32
SONIA,ENRIQUE-LYNCH-Y-SU-CONJUNTO-–-BOMBA-TROPICAL,FUNK/SOUL,9.32
CAMPO-DE-FRESAS,ENRIQUE-LYNCH-Y-SU-CONJUNTO-–-BOMBA-TROPICAL,FUNK/SOUL,9.32
EL-PADRINO,ENRIQUE-LYNCH-Y-SU-CONJUNTO-–-BOMBA-TROPICAL,FUNK/SOUL,9.32
SAFARI-SALVAJE,ENRIQUE-LYNCH-Y-SU-CONJUNTO-–-BOMBA-TROPICAL,FUNK/SOUL,9.32
K.-JEE,ENRIQUE-LYNCH-Y-SU-CONJUNTO-–-BOMBA-TROPICAL,FUNK/SOUL,9.32
A-LA-MEMORIA-DEL-MUERTO,ENRIQUE-LYNCH-Y-SU-CONJUNTO-–-BOMBA-TROPICAL,FUNK/SOUL,9.32
MERECUMBE,ENRIQUE-LYNCH-Y-SU-CONJUNTO-–-BOMBA-TROPICAL,FUNK/SOUL,9.32
LA-BOCINA,ENRIQUE-LYNCH-Y-SU-CONJUNTO-–-BOMBA-TROPICAL,FUNK/SOUL,9.32
PALOMITAS-DE-MAIZ,ENRIQUE-LYNCH-Y-SU-CONJUNTO-–-BOMBA-TROPICAL,FUNK/SOUL,9.32
YO-TRAIGO-LA-SALSA,ENRIQUE-LYNCH-Y-SU-CONJUNTO-–-BOMBA-TROPICAL,FUNK/SOUL,9.32
OTRO-AÑO,ENRIQUE-LYNCH-Y-SU-CONJUNTO-–-BOMBA-TROPICAL,FUNK/SOUL,9.32
QUIERO-QUE-AMANEZCA,ENRIQUE-LYNCH-Y-SU-CONJUNTO-–-BOMBA-TROPICAL,FUNK/SOUL,9.32
BAILE-MI-RUMBITA,ENRIQUE-LYNCH-Y-SU-CONJUNTO-–-BOMBA-TROPICAL,FUNK/SOUL,9.32
TAKA-TAKATA,ENRIQUE-LYNCH-Y-SU-CONJUNTO-–-BOMBA-TROPICAL,FUNK/SOUL,9.32
SUMMER-OF-'42-=-VERANO-42,JAIME-DELGADO-APARICIO-Y-SU-ORQUESTA-CONTEMPORÁNEA-–-JAIME-DELGADO-APARICIO-Y-SU-ORQUESTA-CONTEMPORÁNEA,FUNK/SOUL,9.7
CAN'T-GIVE-YOU-ANYTHING-=-NO-PUEDO-DARTE-MÁS-QUE-AMOR,JAIME-DELGADO-APARICIO-Y-SU-ORQUESTA-CONTEMPORÁNEA-–-JAIME-DELGADO-APARICIO-Y-SU-ORQUESTA-CONTEMPORÁNEA,FUNK/SOUL,9.7
C'EST-SI-BON,JAIME-DELGADO-APARICIO-Y-SU-ORQUESTA-CONTEMPORÁNEA-–-JAIME-DELGADO-APARICIO-Y-SU-ORQUESTA-CONTEMPORÁNEA,FUNK/SOUL,9.7
YOU'VE-GOT-A-FRIEND-=-TIENES-UN-AMIGO,JAIME-DELGADO-APARICIO-Y-SU-ORQUESTA-CONTEMPORÁNEA-–-JAIME-DELGADO-APARICIO-Y-SU-ORQUESTA-CONTEMPORÁNEA,FUNK/SOUL,9.7
FIRE-AND-RAIN-=-FUEGO-Y-LLUVIA,JAIME-DELGADO-APARICIO-Y-SU-ORQUESTA-CONTEMPORÁNEA-–-JAIME-DELGADO-APARICIO-Y-SU-ORQUESTA-CONTEMPORÁNEA,FUNK/SOUL,9.7
HOW-HIGH-THE-MOON-=-QUE-ALTA-ESTÁ-LA-LUNA,JAIME-DELGADO-APARICIO-Y-SU-ORQUESTA-CONTEMPORÁNEA-–-JAIME-DELGADO-APARICIO-Y-SU-ORQUESTA-CONTEMPORÁNEA,FUNK/SOUL,9.7
LA-PALOMA,JAIME-DELGADO-APARICIO-Y-SU-ORQUESTA-CONTEMPORÁNEA-–-JAIME-DELGADO-APARICIO-Y-SU-ORQUESTA-CONTEMPORÁNEA,FUNK/SOUL,9.7
BESAME-MUCHO,JAIME-DELGADO-APARICIO-Y-SU-ORQUESTA-CONTEMPORÁNEA-–-JAIME-DELGADO-APARICIO-Y-SU-ORQUESTA-CONTEMPORÁNEA,FUNK/SOUL,9.7
BELLA-VIA,JAIME-DELGADO-APARICIO-Y-SU-ORQUESTA-CONTEMPORÁNEA-–-JAIME-DELGADO-APARICIO-Y-SU-ORQUESTA-CONTEMPORÁNEA,FUNK/SOUL,9.7
STRANGERS-IN-PARADISE-=-EXTRAÑOS-EL-EL-PARAÍSO,JAIME-DELGADO-APARICIO-Y-SU-ORQUESTA-CONTEMPORÁNEA-–-JAIME-DELGADO-APARICIO-Y-SU-ORQUESTA-CONTEMPORÁNEA,FUNK/SOUL,9.7
I'VE-GOT-YOU-UNDER-MY-SKIN-=-TE-LLEVO-BAJO-MI-PIEL,JAIME-DELGADO-APARICIO-Y-SU-ORQUESTA-CONTEMPORÁNEA-–-JAIME-DELGADO-APARICIO-Y-SU-ORQUESTA-CONTEMPORÁNEA,FUNK/SOUL,9.7
LA-VUELTA,LOS-SILVERTON'S-–-LA-VUELTA,FUNK/SOUL,7.14
TE-VI-LLORAR,LOS-SILVERTON'S-–-LA-VUELTA,FUNK/SOUL,7.14
ES-LA-LLUVIA-QUE-CAE,LOS-SILVERTON'S-–-LA-VUELTA,FUNK/SOUL,7.14
TERNURA,LOS-SILVERTON'S-–-LA-VUELTA,FUNK/SOUL,7.14
SE-QUE-NO-VENDRAS,LOS-SILVERTON'S-–-LA-VUELTA,FUNK/SOUL,7.14
LLORA-CONMIGO,LOS-SILVERTON'S-–-LA-VUELTA,FUNK/SOUL,7.14
TE-PUEDES-IR-EN-PAZ,LOS-SILVERTON'S-–-LA-VUELTA,FUNK/SOUL,7.14
POR-TI-ESTOY-SUFRIENDO,LOS-SILVERTON'S-–-LA-VUELTA,FUNK/SOUL,7.14
LA-MOTO,LOS-SILVERTON'S-–-LA-VUELTA,FUNK/SOUL,7.14
VIVO-SIN-TI,LOS-SILVERTON'S-–-LA-VUELTA,FUNK/SOUL,7.14
NO-COMETERE-ESE-ERROR,LOS-SILVERTON'S-–-LA-VUELTA,FUNK/SOUL,7.14
PALABRA-DE-AMOR,LOS-SILVERTON'S-–-LA-VUELTA,FUNK/SOUL,7.14
LA-BALA,ENRIQUE-LYNCH-Y-SU-CONJUNTO-–-COMO-CAÑON,FUNK/SOUL,8.72
NEGRA-MALA,ENRIQUE-LYNCH-Y-SU-CONJUNTO-–-COMO-CAÑON,FUNK/SOUL,8.72
NO-ME-LLORES-MAS,ENRIQUE-LYNCH-Y-SU-CONJUNTO-–-COMO-CAÑON,FUNK/SOUL,8.72
BAILA-FLAQUITA-BAILA,ENRIQUE-LYNCH-Y-SU-CONJUNTO-–-COMO-CAÑON,FUNK/SOUL,8.72
CUMBIA-LORENTANA,ENRIQUE-LYNCH-Y-SU-CONJUNTO-–-COMO-CAÑON,FUNK/SOUL,8.72
CON-LLANTO-DE-COCODRILO,ENRIQUE-LYNCH-Y-SU-CONJUNTO-–-COMO-CAÑON,FUNK/SOUL,8.72
COMO-CAMBIAN-LOS-TIEMPOS,ENRIQUE-LYNCH-Y-SU-CONJUNTO-–-COMO-CAÑON,FUNK/SOUL,8.72
CUMBIA-INDIA,ENRIQUE-LYNCH-Y-SU-CONJUNTO-–-COMO-CAÑON,FUNK/SOUL,8.72
GOZA-CHOLA,ENRIQUE-LYNCH-Y-SU-CONJUNTO-–-COMO-CAÑON,FUNK/SOUL,8.72
GUAJIRA-POP,ENRIQUE-LYNCH-Y-SU-CONJUNTO-–-COMO-CAÑON,FUNK/SOUL,8.72
UNA-CHICA-ENAMORADA,ENRIQUE-LYNCH-Y-SU-CONJUNTO-–-COMO-CAÑON,FUNK/SOUL,8.72
TU-ME-QUIERES-DI?,ENRIQUE-LYNCH-Y-SU-CONJUNTO-–-COMO-CAÑON,FUNK/SOUL,8.72
ROSITA,ENRIQUE-LYNCH-Y-SU-CONJUNTO-–-COMO-CAÑON,FUNK/SOUL,8.72
VANIDAD,ENRIQUE-LYNCH-Y-SU-CONJUNTO-–-COMO-CAÑON,FUNK/SOUL,8.72
MAMBO-BATIRI,ENRIQUE-LYNCH-Y-SU-CONJUNTO-–-COMO-CAÑON,FUNK/SOUL,8.72
MI-GRAN-NOCHE,ENRIQUE-LYNCH-Y-SU-CONJUNTO-–-COMO-CAÑON,FUNK/SOUL,8.72
LA-VIEJA,ENRIQUE-LYNCH-Y-SU-CONJUNTO-–-COMO-CAÑON,FUNK/SOUL,8.72
TEMA-DE-MASH,ENRIQUE-LYNCH-Y-SU-CONJUNTO-–-COMO-CAÑON,FUNK/SOUL,8.72
CARNAVAL-DE-AREQUIPA,LOS-DESTELLOS – EN-LA-CUMBRE,FUNK/SOUL,8.9
AMOR-EN-PRIMAVERA,LOS-DESTELLOS – EN-LA-CUMBRE,FUNK/SOUL,8.9
FELIZ-ENCUENTRO,LOS-DESTELLOS – EN-LA-CUMBRE,FUNK/SOUL,8.9
LA-CHICA-ALEGRE,LOS-DESTELLOS – EN-LA-CUMBRE,FUNK/SOUL,8.9
BOOGALOO-DEL-PERRO,LOS-DESTELLOS – EN-LA-CUMBRE,FUNK/SOUL,8.9
HUASCARÁN,LOS-DESTELLOS – EN-LA-CUMBRE,FUNK/SOUL,8.9
VALICHA,LOS-DESTELLOS – EN-LA-CUMBRE,FUNK/SOUL,8.9
EL-CRIOLLITO,LOS-DESTELLOS – EN-LA-CUMBRE,FUNK/SOUL,8.9
VOLANDO-CON-DESTELLOS,LOS-DESTELLOS – EN-LA-CUMBRE,FUNK/SOUL,8.9
LA-ARDILLA-ENAMORADA,LOS-DESTELLOS – EN-LA-CUMBRE,FUNK/SOUL,8.9
MARTHA,LOS-DESTELLOS – EN-LA-CUMBRE,FUNK/SOUL,8.9
EN-TU-DÍA,LOS-DESTELLOS – EN-LA-CUMBRE,FUNK/SOUL,8.9
LA-VUELTA,LOS-SILVERTON'S-–-LA-VUELTA,FUNK/SOUL,7.34
TE-VI-LLORAR,LOS-SILVERTON'S-–-LA-VUELTA,FUNK/SOUL,7.34
ES-LA-LLUVIA-QUE-CAE,LOS-SILVERTON'S-–-LA-VUELTA,FUNK/SOUL,7.34
TERNURA,LOS-SILVERTON'S-–-LA-VUELTA,FUNK/SOUL,7.34
SE-QUE-NO-VENDRAS,LOS-SILVERTON'S-–-LA-VUELTA,FUNK/SOUL,7.34
LLORA-CONMIGO,LOS-SILVERTON'S-–-LA-VUELTA,FUNK/SOUL,7.34
TE-PUEDES-IR-EN-PAZ,LOS-SILVERTON'S-–-LA-VUELTA,FUNK/SOUL,7.34
POR-TI-ESTOY-SUFRIENDO,LOS-SILVERTON'S-–-LA-VUELTA,FUNK/SOUL,7.34
LA-MOTO,LOS-SILVERTON'S-–-LA-VUELTA,FUNK/SOUL,7.34
VIVO-SIN-TI,LOS-SILVERTON'S-–-LA-VUELTA,FUNK/SOUL,7.34
NO-COMETERE-ESE-ERROR,LOS-SILVERTON'S-–-LA-VUELTA,FUNK/SOUL,7.34
PALABRA-DE-AMOR,LOS-SILVERTON'S-–-LA-VUELTA,FUNK/SOUL,7.34
LINDA-CHIQUILINA,ENRIQUE-DELGADO Y LOS-DESTELLOS – LINDA-CHIQUILINA,FUNK/SOUL,8.2
PASEANDO-POR-LA-ALAMEDA,ENRIQUE-DELGADO Y LOS-DESTELLOS – LINDA-CHIQUILINA,FUNK/SOUL,8.2
A-LOS-BOSQUES-ME-INTERNO-YO,ENRIQUE-DELGADO Y LOS-DESTELLOS – LINDA-CHIQUILINA,FUNK/SOUL,8.2
CONCIERTO-PARA-UNA-SOLA-VOZ,ENRIQUE-DELGADO Y LOS-DESTELLOS – LINDA-CHIQUILINA,FUNK/SOUL,8.2
APURANDO-EL-PASO,ENRIQUE-DELGADO Y LOS-DESTELLOS – LINDA-CHIQUILINA,FUNK/SOUL,8.2
DULCE-AMOR,ENRIQUE-DELGADO Y LOS-DESTELLOS – LINDA-CHIQUILINA,FUNK/SOUL,8.2
BAILANDO-CON-MI-NENA,ENRIQUE-DELGADO Y LOS-DESTELLOS – LINDA-CHIQUILINA,FUNK/SOUL,8.2
TORMENTOS,ENRIQUE-DELGADO Y LOS-DESTELLOS – LINDA-CHIQUILINA,FUNK/SOUL,8.2
JUGUETEANDO,ENRIQUE-DELGADO Y LOS-DESTELLOS – LINDA-CHIQUILINA,FUNK/SOUL,8.2
NOVIA-MIA,ENRIQUE-DELGADO Y LOS-DESTELLOS – LINDA-CHIQUILINA,FUNK/SOUL,8.2
NATALIA,ENRIQUE-DELGADO Y LOS-DESTELLOS – LINDA-CHIQUILINA,FUNK/SOUL,8.2
OLLANTAY,ENRIQUE-DELGADO Y LOS-DESTELLOS – LINDA-CHIQUILINA,FUNK/SOUL,8.2
WILD-SAFARI,BARRABAS – BARRABAS-MUSICA-CALIENTE,FUNK/SOUL,8.2
TRY-AND-TRY,BARRABAS – BARRABAS-MUSICA-CALIENTE,FUNK/SOUL,8.2
ONLY-FOR-MEN,BARRABAS – BARRABAS-MUSICA-CALIENTE,FUNK/SOUL,8.2
NEVER-IN-THIS-WORLD,BARRABAS – BARRABAS-MUSICA-CALIENTE,FUNK/SOUL,8.2
WOMAN,BARRABAS – BARRABAS-MUSICA-CALIENTE,FUNK/SOUL,8.2
CHEER-UP,BARRABAS – BARRABAS-MUSICA-CALIENTE,FUNK/SOUL,8.2
ROCK-AND-ROLL-EVERYBODY,BARRABAS – BARRABAS-MUSICA-CALIENTE,FUNK/SOUL,8.2
CHICCO,BARRABAS – BARRABAS-MUSICA-CALIENTE,FUNK/SOUL,8.2
WAITING,SANTANA – SANTANA,FUNK/SOUL,3.88
EVIL-WAYS,SANTANA – SANTANA,FUNK/SOUL,3.88
SHADES-OF-TIME,SANTANA – SANTANA,FUNK/SOUL,3.88
SAVOR,SANTANA – SANTANA,FUNK/SOUL,3.88
JINGO,SANTANA – SANTANA,FUNK/SOUL,3.88
PERSUASION,SANTANA – SANTANA,FUNK/SOUL,3.88
TREAT,SANTANA – SANTANA,FUNK/SOUL,3.88
YOU-JUST-DON'T-CARE,SANTANA – SANTANA,FUNK/SOUL,3.88
SOUL-SACRIFICE,SANTANA – SANTANA,FUNK/SOUL,3.88
PIEDAD-(LA-VACA-BLANCA),LOS-GIRASOLES – LA-BOCINA,FUNK/SOUL,9.87
AGUANILE,LOS-GIRASOLES – LA-BOCINA,FUNK/SOUL,9.87
LA-BOCINA,LOS-GIRASOLES – LA-BOCINA,FUNK/SOUL,9.87
PERFIDIA,LOS-GIRASOLES – LA-BOCINA,FUNK/SOUL,9.87
UNA-CHICA-ENAMORADA,LOS-GIRASOLES – LA-BOCINA,FUNK/SOUL,9.87
EL-CERROJO,LOS-GIRASOLES – LA-BOCINA,FUNK/SOUL,9.87
CUMBIA-MIA,LOS-GIRASOLES – LA-BOCINA,FUNK/SOUL,9.87
FUGALA,LOS-GIRASOLES – LA-BOCINA,FUNK/SOUL,9.87
EL-BICHITO,LOS-GIRASOLES – LA-BOCINA,FUNK/SOUL,9.87
VIOLENCIA,LOS-GIRASOLES – LA-BOCINA,FUNK/SOUL,9.87
TU-COSITA,LOS-GIRASOLES – LA-BOCINA,FUNK/SOUL,9.87
MALAMBO,LOS-DIABLOS-ROJOS-–-PASEO-TROPICAL,FUNK/SOUL,9.873
LOS-BESOS-DE-ANITA,LOS-DIABLOS-ROJOS-–-PASEO-TROPICAL,FUNK/SOUL,9.873
EL-TÍO-RENEGÓN,LOS-DIABLOS-ROJOS-–-PASEO-TROPICAL,FUNK/SOUL,9.873
MÚSICA-PARA-ENAMORADOS,LOS-DIABLOS-ROJOS-–-PASEO-TROPICAL,FUNK/SOUL,9.873
EL-PESCADOR-SOLITARIO,LOS-DIABLOS-ROJOS-–-PASEO-TROPICAL,FUNK/SOUL,9.873
CIELITO-LORETANO,LOS-DIABLOS-ROJOS-–-PASEO-TROPICAL,FUNK/SOUL,9.873
LA-BOCINA,LOS-DIABLOS-ROJOS-–-PASEO-TROPICAL,FUNK/SOUL,9.873
EL-TRIGAL,LOS-DIABLOS-ROJOS-–-PASEO-TROPICAL,FUNK/SOUL,9.873
MARABUNTA,LOS-DIABLOS-ROJOS-–-PASEO-TROPICAL,FUNK/SOUL,9.873
HAZLA-QUE-VUELVA,LOS-DIABLOS-ROJOS-–-PASEO-TROPICAL,FUNK/SOUL,9.873
LA-DANZA-SERRANA,LOS-DIABLOS-ROJOS-–-PASEO-TROPICAL,FUNK/SOUL,9.873
EL-CAÑONAZO,LOS-DIABLOS-ROJOS-–-PASEO-TROPICAL,FUNK/SOUL,9.873
EL-PELEJITO-BAILARÍN,JUANECO-Y-SU-COMBO – EL-BRUJO,FUNK/SOUL,9.66
MURAYA,JUANECO-Y-SU-COMBO – EL-BRUJO,FUNK/SOUL,9.66
EL-BRUJO,JUANECO-Y-SU-COMBO – EL-BRUJO,FUNK/SOUL,9.66
SAN-JUAN-75,JUANECO-Y-SU-COMBO – EL-BRUJO,FUNK/SOUL,9.66
NOCHE-TROPICAL,JUANECO-Y-SU-COMBO – EL-BRUJO,FUNK/SOUL,9.66
BUSCANDO-TU-AMOR,JUANECO-Y-SU-COMBO – EL-BRUJO,FUNK/SOUL,9.66
EL-PINOCHITO-SALTARÍN,JUANECO-Y-SU-COMBO – EL-BRUJO,FUNK/SOUL,9.66
CHICA-LINDA,JUANECO-Y-SU-COMBO – EL-BRUJO,FUNK/SOUL,9.66
RITMO-ALEGRE,JUANECO-Y-SU-COMBO – EL-BRUJO,FUNK/SOUL,9.66
EL-BAGAZO,JUANECO-Y-SU-COMBO – EL-BRUJO,FUNK/SOUL,9.66
LA-TRAGEDIA-DE-ROSENDO,JUANECO-Y-SU-COMBO – EL-BRUJO,FUNK/SOUL,9.66
REGIÓN-ORIENTAL,JUANECO-Y-SU-COMBO – EL-BRUJO,FUNK/SOUL,9.66
GET-DANCIN-=-PONTE-A-BAILAR,OTTO-DE-ROJAS-Y-SU-ORQUESTA – SUPERÉXITOS-BAILABLES,FUNK/SOUL,4.67
GET-UP-AND-BOOGIE-=-BAILA-EL-BOOGIE,OTTO-DE-ROJAS-Y-SU-ORQUESTA – SUPERÉXITOS-BAILABLES,FUNK/SOUL,4.67
ES-MI-VIDA,OTTO-DE-ROJAS-Y-SU-ORQUESTA – SUPERÉXITOS-BAILABLES,FUNK/SOUL,4.67
LINDA-BELLA-LINDA,OTTO-DE-ROJAS-Y-SU-ORQUESTA – SUPERÉXITOS-BAILABLES,FUNK/SOUL,4.67
ESTO-SERA,OTTO-DE-ROJAS-Y-SU-ORQUESTA – SUPERÉXITOS-BAILABLES,FUNK/SOUL,4.67
AL-RITMO-DEL-BUMP-BUMP,OTTO-DE-ROJAS-Y-SU-ORQUESTA – SUPERÉXITOS-BAILABLES,FUNK/SOUL,4.67
TU-SEXI,OTTO-DE-ROJAS-Y-SU-ORQUESTA – SUPERÉXITOS-BAILABLES,FUNK/SOUL,4.67
EL-APURADO-=-THE-HUSTLE,OTTO-DE-ROJAS-Y-SU-ORQUESTA – SUPERÉXITOS-BAILABLES,FUNK/SOUL,4.67
NUNCA-PUEDO-DECIR-ADIOS-=-NEVER-CAN-SAY-GOODBYE,OTTO-DE-ROJAS-Y-SU-ORQUESTA – SUPERÉXITOS-BAILABLES,FUNK/SOUL,4.67
"EL-TEMA-DE-""COCO"",OTTO-DE-ROJAS-Y-SU-ORQUESTA – SUPERÉXITOS-BAILABLES,FUNK/SOUL,4.67"
UN-COMERCIAL-Y-REGRESO-=-TRAMPOLÍN,OTTO-DE-ROJAS-Y-SU-ORQUESTA – SUPERÉXITOS-BAILABLES,FUNK/SOUL,4.67
THAT'S-THE-WAY,OTTO-DE-ROJAS-Y-SU-ORQUESTA – SUPERÉXITOS-BAILABLES,FUNK/SOUL,4.67
CONJUNTO-ZAMBITO-–-CHICKEN-CHICKEN,VARIOUS – PERU-SOUNDS-VOL.-1,FUNK/SOUL,9
SONIDO-2000-–-NOTA-DE-COLORES,VARIOUS – PERU-SOUNDS-VOL.-2,FUNK/SOUL,9
I.R.-–-TEMA-DEL-MAU-MAU,VARIOUS – PERU-SOUNDS-VOL.-3,FUNK/SOUL,9
LOS-FANTASTICOS-–-NENA-EXÓTICA,VARIOUS – PERU-SOUNDS-VOL.-4,FUNK/SOUL,9
LOS-ECOS-–-CHICHITA,VARIOUS – PERU-SOUNDS-VOL.-5,FUNK/SOUL,9
DAVID-DANDOY-–-BRUCELAS-MUSIC,VARIOUS – PERU-SOUNDS-VOL.-6,FUNK/SOUL,9
LA-MAQUINA-–-LA-MÁQUINA,VARIOUS – PERU-SOUNDS-VOL.-7,FUNK/SOUL,9
MARCO-MERRY-Y-SUS-GOLFOS-–-DESCARGA-71,VARIOUS – PERU-SOUNDS-VOL.-8,FUNK/SOUL,9
LOS-GAVIALES-–-MELODIA-AZUL,VARIOUS – PERU-SOUNDS-VOL.-9,FUNK/SOUL,9
RAFU-REY-Y-SU-ORQUESTA-–-VAMPIROS-EN-FUGA,VARIOUS – PERU-SOUNDS-VOL.-10,FUNK/SOUL,9
LOS-GALAX-–-HOMBRE-MOSCA,VARIOUS – PERU-SOUNDS-VOL.-11,FUNK/SOUL,9
CONJUNTO-BLANCO-Y-NEGRO-–-CHICA-DE-COLOR,VARIOUS – PERU-SOUNDS-VOL.-12,FUNK/SOUL,9
ACAPULCO-DOS-DE-LA-TARDE,THE-COPPERS* – ACAPULCO-DOS-DE-LA-TARDE-/-UNA-BELLA-HISTORIA,FUNK/SOUL,9.5
UNA-BELLA-HISTORIA,THE-COPPERS* – ACAPULCO-DOS-DE-LA-TARDE-/-UNA-BELLA-HISTORIA,FUNK/SOUL,9.5
LINDA-NENA,JUANECO-Y-SU-COMBO-–-LINDA-NENA,FUNK/SOUL,9.2
LA-ENGREIDITA,JUANECO-Y-SU-COMBO-–-LINDA-NENA,FUNK/SOUL,9.2
TIERRA-ADORADA,JUANECO-Y-SU-COMBO-–-LINDA-NENA,FUNK/SOUL,9.2
CUMBIA-SAMBA,JUANECO-Y-SU-COMBO-–-LINDA-NENA,FUNK/SOUL,9.2
LINDA-DORIS,JUANECO-Y-SU-COMBO-–-LINDA-NENA,FUNK/SOUL,9.2
VEN-A-MIS-BRAZOS,JUANECO-Y-SU-COMBO-–-LINDA-NENA,FUNK/SOUL,9.2
EL-AGUA-DEL-HIGUERÓN,JUANECO-Y-SU-COMBO-–-LINDA-NENA,FUNK/SOUL,9.2
SELVA-SELVA,JUANECO-Y-SU-COMBO-–-LINDA-NENA,FUNK/SOUL,9.2
HECHIZO-VERDE,JUANECO-Y-SU-COMBO-–-LINDA-NENA,FUNK/SOUL,9.2
TAMBORES-DE-LA-SELVA,JUANECO-Y-SU-COMBO-–-LINDA-NENA,FUNK/SOUL,9.2
MANGUITO-DE-SAL,JUANECO-Y-SU-COMBO-–-LINDA-NENA,FUNK/SOUL,9.2
EL-HIPPIE-MUCA,JUANECO-Y-SU-COMBO-–-LINDA-NENA,FUNK/SOUL,9.2
BULE-BULE,LOS-SHAIN'S – EL-RITMO-DE-LOS-SHAIN'S,FUNK/SOUL,9.02
SHAIN'S-A-GO-GO,LOS-SHAIN'S – EL-RITMO-DE-LOS-SHAIN'S,FUNK/SOUL,9.02
FEVER,LOS-SHAIN'S – EL-RITMO-DE-LOS-SHAIN'S,FUNK/SOUL,9.02
AGENTE-SECRETO,LOS-SHAIN'S – EL-RITMO-DE-LOS-SHAIN'S,FUNK/SOUL,9.02
HOY,LOS-SHAIN'S – EL-RITMO-DE-LOS-SHAIN'S,FUNK/SOUL,9.02
EL-BAÑO-DEL-PAJARO,LOS-SHAIN'S – EL-RITMO-DE-LOS-SHAIN'S,FUNK/SOUL,9.02
HANG-ON-SLOOPY,LOS-SHAIN'S – EL-RITMO-DE-LOS-SHAIN'S,FUNK/SOUL,9.02
EL-SABOR-DE-LA-MIEL,LOS-SHAIN'S – EL-RITMO-DE-LOS-SHAIN'S,FUNK/SOUL,9.02
VAMOS,LOS-SHAIN'S – EL-RITMO-DE-LOS-SHAIN'S,FUNK/SOUL,9.02
CIUDAD-DE-ROMPIENTES,LOS-SHAIN'S – EL-RITMO-DE-LOS-SHAIN'S,FUNK/SOUL,9.02
EL-MONSTRUO,LOS-SHAIN'S – EL-RITMO-DE-LOS-SHAIN'S,FUNK/SOUL,9.02
MISIRLOU,LOS-SHAIN'S – EL-RITMO-DE-LOS-SHAIN'S,FUNK/SOUL,9.02
TENEMOS-QUE-IRNOS-DE-AQUI,LOS-SHAIN'S – EL-RITMO-DE-LOS-SHAIN'S,FUNK/SOUL,9.02
ELLA-NO-ESTA-ALLI,LOS-SHAIN'S – EL-RITMO-DE-LOS-SHAIN'S,FUNK/SOUL,9.02
BATUSAMBA-DISCO-(POPURRI),PRAIS-AND-THE-SAMBASOUND-–-BATUSAMBA-DISCO,FUNK/SOUL,8.125
MICHELLA,PRAIS-AND-THE-SAMBASOUND-–-BATUSAMBA-DISCO,FUNK/SOUL,8.125
SAMBA-CLUB,PRAIS-AND-THE-SAMBASOUND-–-BATUSAMBA-DISCO,FUNK/SOUL,8.125
KRIOLA,PRAIS-AND-THE-SAMBASOUND-–-BATUSAMBA-DISCO,FUNK/SOUL,8.125
BLACK-COCO,PRAIS-AND-THE-SAMBASOUND-–-BATUSAMBA-DISCO,FUNK/SOUL,8.125
NEGRO-LATINO,PRAIS-AND-THE-SAMBASOUND-–-BATUSAMBA-DISCO,FUNK/SOUL,8.125
MIRANTE-AHORA,PRAIS-AND-THE-SAMBASOUND-–-BATUSAMBA-DISCO,FUNK/SOUL,8.125
CAMINO-PARA-MI-PUEBLO,LOS-DIABLOS-ROJOS – SONIDO-DIABLO,FUNK/SOUL,8.34
POR-LAS-CAMPIÑAS,LOS-DIABLOS-ROJOS – SONIDO-DIABLO,FUNK/SOUL,8.34
CAMPESINO,LOS-DIABLOS-ROJOS – SONIDO-DIABLO,FUNK/SOUL,8.34
CONSTESTACION-A-PAPA,LOS-DIABLOS-ROJOS – SONIDO-DIABLO,FUNK/SOUL,8.34
SI-ESTAS-CONMIGO,LOS-DIABLOS-ROJOS – SONIDO-DIABLO,FUNK/SOUL,8.34
CHICA-PRECIOSA,LOS-DIABLOS-ROJOS – SONIDO-DIABLO,FUNK/SOUL,8.34
MATANDO-LOS-CHIVOS,LOS-DIABLOS-ROJOS – SONIDO-DIABLO,FUNK/SOUL,8.34
MARIPOSITA-ROJA,LOS-DIABLOS-ROJOS – SONIDO-DIABLO,FUNK/SOUL,8.34
EL-PESCADOR-Y-LA-SIRENA,LOS-DIABLOS-ROJOS – SONIDO-DIABLO,FUNK/SOUL,8.34
MI-LORITO-ENAMORADO,LOS-DIABLOS-ROJOS – SONIDO-DIABLO,FUNK/SOUL,8.34
QUE-SOLEDAD,LOS-DIABLOS-ROJOS – SONIDO-DIABLO,FUNK/SOUL,8.34
LOS-ARROZALES,LOS-DIABLOS-ROJOS – SONIDO-DIABLO,FUNK/SOUL,8.34
LA-FUGA-DE-TÚNEZ,BARETO – BOLETO,FUNK/SOUL,8.26
BAM-BAM,BARETO – BOLETO,FUNK/SOUL,8.26
KINCHA,BARETO – BOLETO,FUNK/SOUL,8.26
BEBOP-MARLEY,BARETO – BOLETO,FUNK/SOUL,8.26
LA-DEL-BRAZO,BARETO – BOLETO,FUNK/SOUL,8.26
LA-CALOR,BARETO – BOLETO,FUNK/SOUL,8.26
BOLETO,BARETO – BOLETO,FUNK/SOUL,8.26
OMBLIGO,BARETO – BOLETO,FUNK/SOUL,8.26
TARANTINO,BARETO – BOLETO,FUNK/SOUL,8.26
CHOQUE-Y-FUGA,BARETO – BOLETO,FUNK/SOUL,8.26
BATUSAMBA-DISCO-(POPURRI),PRAIS-AND-THE-SAMBASOUND – BATUSAMBA-DISCO,FUNK/SOUL,8.143
MICHELLA,PRAIS-AND-THE-SAMBASOUND – BATUSAMBA-DISCO,FUNK/SOUL,8.143
SAMBA-CLUB,PRAIS-AND-THE-SAMBASOUND – BATUSAMBA-DISCO,FUNK/SOUL,8.143
KRIOLA,PRAIS-AND-THE-SAMBASOUND – BATUSAMBA-DISCO,FUNK/SOUL,8.143
BLACK-COCO,PRAIS-AND-THE-SAMBASOUND – BATUSAMBA-DISCO,FUNK/SOUL,8.143
NEGRO-LATINO,PRAIS-AND-THE-SAMBASOUND – BATUSAMBA-DISCO,FUNK/SOUL,8.143
MIRANTE-AHORA,PRAIS-AND-THE-SAMBASOUND – BATUSAMBA-DISCO,FUNK/SOUL,8.143
LA-FIESTA-DE-MARIA-DOLORES,OTTO-DE-ROJAS-Y-SU-ORQUESTA – ¡QUE-TAL-FIESTÓN!,FUNK/SOUL,7.34
CARIÑITO,OTTO-DE-ROJAS-Y-SU-ORQUESTA – ¡QUE-TAL-FIESTÓN!,FUNK/SOUL,7.34
SI-ME-QUIERES-DI,OTTO-DE-ROJAS-Y-SU-ORQUESTA – ¡QUE-TAL-FIESTÓN!,FUNK/SOUL,7.34
ELSA,OTTO-DE-ROJAS-Y-SU-ORQUESTA – ¡QUE-TAL-FIESTÓN!,FUNK/SOUL,7.34
OJOS-CHINOS,OTTO-DE-ROJAS-Y-SU-ORQUESTA – ¡QUE-TAL-FIESTÓN!,FUNK/SOUL,7.34
MIRA-MIRA,OTTO-DE-ROJAS-Y-SU-ORQUESTA – ¡QUE-TAL-FIESTÓN!,FUNK/SOUL,7.34
LA-REBELDE,OTTO-DE-ROJAS-Y-SU-ORQUESTA – ¡QUE-TAL-FIESTÓN!,FUNK/SOUL,7.34
ALEGRE-AMANECER,OTTO-DE-ROJAS-Y-SU-ORQUESTA – ¡QUE-TAL-FIESTÓN!,FUNK/SOUL,7.34
EL-RASCA-RASCA,OTTO-DE-ROJAS-Y-SU-ORQUESTA – ¡QUE-TAL-FIESTÓN!,FUNK/SOUL,7.34
EL-PAI-MAI,OTTO-DE-ROJAS-Y-SU-ORQUESTA – ¡QUE-TAL-FIESTÓN!,FUNK/SOUL,7.34
GARIBALDI-PUM,OTTO-DE-ROJAS-Y-SU-ORQUESTA – ¡QUE-TAL-FIESTÓN!,FUNK/SOUL,7.34
DON-TORIBIO-CARAMBOLA,OTTO-DE-ROJAS-Y-SU-ORQUESTA – ¡QUE-TAL-FIESTÓN!,FUNK/SOUL,7.34
LA-BOLITA,OTTO-DE-ROJAS-Y-SU-ORQUESTA – ¡QUE-TAL-FIESTÓN!,FUNK/SOUL,7.34
LLEGO-LA-BANDA,OTTO-DE-ROJAS-Y-SU-ORQUESTA – ¡QUE-TAL-FIESTÓN!,FUNK/SOUL,7.34
CALIENTE,OTTO-DE-ROJAS-Y-SU-ORQUESTA – ¡QUE-TAL-FIESTÓN!,FUNK/SOUL,7.34
LA-BALA,OTTO-DE-ROJAS-Y-SU-ORQUESTA – ¡QUE-TAL-FIESTÓN!,FUNK/SOUL,7.34
MIRA-PARA-ARRIBA-MIRA-PARA-ABAJO,OTTO-DE-ROJAS-Y-SU-ORQUESTA – ¡QUE-TAL-FIESTÓN!,FUNK/SOUL,7.34
POR-UNA-NEGRITA,OTTO-DE-ROJAS-Y-SU-ORQUESTA – ¡QUE-TAL-FIESTÓN!,FUNK/SOUL,7.34
EL-TACONAZO,OTTO-DE-ROJAS-Y-SU-ORQUESTA – ¡QUE-TAL-FIESTÓN!,FUNK/SOUL,7.34
CASATSCHOK,OTTO-DE-ROJAS-Y-SU-ORQUESTA – ¡QUE-TAL-FIESTÓN!,FUNK/SOUL,7.34
SI-NO-VAS-A-LA-PACHANGA,OTTO-DE-ROJAS-Y-SU-ORQUESTA – ¡QUE-TAL-FIESTÓN!,FUNK/SOUL,7.34
NOSTALGIA-CHALACA,OTTO-DE-ROJAS-Y-SU-ORQUESTA – ¡QUE-TAL-FIESTÓN!,FUNK/SOUL,7.34
APAGA-LA-LUZ,OTTO-DE-ROJAS-Y-SU-ORQUESTA – ¡QUE-TAL-FIESTÓN!,FUNK/SOUL,7.34
ADOLORIDO,OTTO-DE-ROJAS-Y-SU-ORQUESTA – ¡QUE-TAL-FIESTÓN!,FUNK/SOUL,7.34
MAMA-YO-QUIERO,OTTO-DE-ROJAS-Y-SU-ORQUESTA – ¡QUE-TAL-FIESTÓN!,FUNK/SOUL,7.34
AURORA,OTTO-DE-ROJAS-Y-SU-ORQUESTA – ¡QUE-TAL-FIESTÓN!,FUNK/SOUL,7.34
1-2-Y-3,OTTO-DE-ROJAS-Y-SU-ORQUESTA – ¡QUE-TAL-FIESTÓN!,FUNK/SOUL,7.34
AY-MAMA,OTTO-DE-ROJAS-Y-SU-ORQUESTA – ¡QUE-TAL-FIESTÓN!,FUNK/SOUL,7.34
HOGAR-DULCE-HOGAR,OTTO-DE-ROJAS-Y-SU-ORQUESTA – ¡QUE-TAL-FIESTÓN!,FUNK/SOUL,7.34
POROMPOMPON,OTTO-DE-ROJAS-Y-SU-ORQUESTA – ¡QUE-TAL-FIESTÓN!,FUNK/SOUL,7.34
TRACATRA,OTTO-DE-ROJAS-Y-SU-ORQUESTA – ¡QUE-TAL-FIESTÓN!,FUNK/SOUL,7.34
BORRIQUITO,OTTO-DE-ROJAS-Y-SU-ORQUESTA – ¡QUE-TAL-FIESTÓN!,FUNK/SOUL,7.34
AGUITA-PARA-LA-NIÑA,OTTO-DE-ROJAS-Y-SU-ORQUESTA – ¡QUE-TAL-FIESTÓN!,FUNK/SOUL,7.34
RUMORES,OTTO-DE-ROJAS-Y-SU-ORQUESTA – ¡QUE-TAL-FIESTÓN!,FUNK/SOUL,7.34
MAS-FUERTE-QUE-NUNGUNA,OTTO-DE-ROJAS-Y-SU-ORQUESTA – ¡QUE-TAL-FIESTÓN!,FUNK/SOUL,7.34
PLÁSTICO,WILLIE-COLON* & RUBEN-BLADES – SIEMBRA,FUNK/SOUL,9.874
BUSCANDO-GUAYABA,WILLIE-COLON* & RUBEN-BLADES – SIEMBRA,FUNK/SOUL,9.874
PEDRO-NAVAJA,WILLIE-COLON* & RUBEN-BLADES – SIEMBRA,FUNK/SOUL,9.874
MARÍA-LIONZA,WILLIE-COLON* & RUBEN-BLADES – SIEMBRA,FUNK/SOUL,9.874
OJOS,WILLIE-COLON* & RUBEN-BLADES – SIEMBRA,FUNK/SOUL,9.874
DIME,WILLIE-COLON* & RUBEN-BLADES – SIEMBRA,FUNK/SOUL,9.874
SIEMBRA,WILLIE-COLON* & RUBEN-BLADES – SIEMBRA,FUNK/SOUL,9.874
VIAJANDO-CON-UN-LOCO,LOS-ORIENTALES-DE-PARAMONGA – ¡TREMENDO-RITMO!-CON-LOS-ORIENTALES-DE-PARAMONGA,FUNK/SOUL,9.66
EL-GUARDA-CABALLOS,LOS-ORIENTALES-DE-PARAMONGA – ¡TREMENDO-RITMO!-CON-LOS-ORIENTALES-DE-PARAMONGA,FUNK/SOUL,9.66
EL-MONITO-Y-LA-JIRAFA,LOS-ORIENTALES-DE-PARAMONGA – ¡TREMENDO-RITMO!-CON-LOS-ORIENTALES-DE-PARAMONGA,FUNK/SOUL,9.66
CHÚPATE-EL-DEDO,LOS-ORIENTALES-DE-PARAMONGA – ¡TREMENDO-RITMO!-CON-LOS-ORIENTALES-DE-PARAMONGA,FUNK/SOUL,9.66
SIEMPRE-CONTAGIANDO,LOS-ORIENTALES-DE-PARAMONGA – ¡TREMENDO-RITMO!-CON-LOS-ORIENTALES-DE-PARAMONGA,FUNK/SOUL,9.66
MI-PEQUEÑA-KARIM,LOS-ORIENTALES-DE-PARAMONGA – ¡TREMENDO-RITMO!-CON-LOS-ORIENTALES-DE-PARAMONGA,FUNK/SOUL,9.66
EL-NARANJAL,LOS-ORIENTALES-DE-PARAMONGA – ¡TREMENDO-RITMO!-CON-LOS-ORIENTALES-DE-PARAMONGA,FUNK/SOUL,9.66
POBRE-CORAZÓN,LOS-ORIENTALES-DE-PARAMONGA – ¡TREMENDO-RITMO!-CON-LOS-ORIENTALES-DE-PARAMONGA,FUNK/SOUL,9.66
EL-QUESITO,LOS-ORIENTALES-DE-PARAMONGA – ¡TREMENDO-RITMO!-CON-LOS-ORIENTALES-DE-PARAMONGA,FUNK/SOUL,9.66
UN-RECUERDO-PARA-TI,LOS-ORIENTALES-DE-PARAMONGA – ¡TREMENDO-RITMO!-CON-LOS-ORIENTALES-DE-PARAMONGA,FUNK/SOUL,9.66
EL-BOTECITO,LOS-ORIENTALES-DE-PARAMONGA – ¡TREMENDO-RITMO!-CON-LOS-ORIENTALES-DE-PARAMONGA,FUNK/SOUL,9.66
PASEANDO-EN-EL-BOSQUE,LOS-ORIENTALES-DE-PARAMONGA – ¡TREMENDO-RITMO!-CON-LOS-ORIENTALES-DE-PARAMONGA,FUNK/SOUL,9.66
NUBES,BOSSA-70 – BOSSA-70,FUNK/SOUL,8.4
GET-OUT-OF-MY-WAY,BOSSA-70 – BOSSA-71,FUNK/SOUL,8.4
TE-QUIERO-BIEN,BOSSA-70 – BOSSA-72,FUNK/SOUL,8.4
THINK,BOSSA-70 – BOSSA-73,FUNK/SOUL,8.4
NUNCA-TE-OLVIDARE,BOSSA-70 – BOSSA-74,FUNK/SOUL,8.4
NO-SABES-NADA,BOSSA-70 – BOSSA-75,FUNK/SOUL,8.4
ME-QUEDO-CON-EL-SHINGALING,BOSSA-70 – BOSSA-76,FUNK/SOUL,8.4
OTRA-VEZ,BOSSA-70 – BOSSA-77,FUNK/SOUL,8.4
BIRIMBAO,BOSSA-70 – BOSSA-78,FUNK/SOUL,8.4
CUELGALO-BIEN-ALTO,BOSSA-70 – BOSSA-79,FUNK/SOUL,8.4
MANGO-MANGUE,MITA-Y-SU-MONTE-ADENTRO – ARECIBO,FUNK/SOUL,8.856
EL-YOYO,MITA-Y-SU-MONTE-ADENTRO – ARECIBO,FUNK/SOUL,8.856
EL-ARECIBO,MITA-Y-SU-MONTE-ADENTRO – ARECIBO,FUNK/SOUL,8.856
NO-COMA-CUENTO,MITA-Y-SU-MONTE-ADENTRO – ARECIBO,FUNK/SOUL,8.856
COMPAY-CHIFUCO,MITA-Y-SU-MONTE-ADENTRO – ARECIBO,FUNK/SOUL,8.856
MIRA-DESCARGA,MITA-Y-SU-MONTE-ADENTRO – ARECIBO,FUNK/SOUL,8.856
LINDA-PERUANA,MITA-Y-SU-MONTE-ADENTRO – ARECIBO,FUNK/SOUL,8.856
ORIZA-OCO,MITA-Y-SU-MONTE-ADENTRO – ARECIBO,FUNK/SOUL,8.856
CALIENTE-GUAGUANCO,MITA-Y-SU-MONTE-ADENTRO – ARECIBO,FUNK/SOUL,8.856
DESCARGA-EN-BOTELLA-Y-GUIRO,MITA-Y-SU-MONTE-ADENTRO – ARECIBO,FUNK/SOUL,8.856
NO-AGUANTO-MAS,MITA-Y-SU-MONTE-ADENTRO – ARECIBO,FUNK/SOUL,8.856
CON-MI-MAMBO,MITA-Y-SU-MONTE-ADENTRO – ARECIBO,FUNK/SOUL,8.856
LUCIERNAGA,LOS-ECOS – PELIGROSA!,FUNK/SOUL,9.978
CUCULI,LOS-ECOS – PELIGROSA!,FUNK/SOUL,9.978
CORRE-CARACOL-CORRE,LOS-ECOS – PELIGROSA!,FUNK/SOUL,9.978
LUZ-Y-SOMBRA,LOS-ECOS – PELIGROSA!,FUNK/SOUL,9.978
ELLA-ES-PARA-MI,LOS-ECOS – PELIGROSA!,FUNK/SOUL,9.978
PELIGROSA,LOS-ECOS – PELIGROSA!,FUNK/SOUL,9.978
PENAS,LOS-ECOS – PELIGROSA!,FUNK/SOUL,9.978
QUERIDA-LUISA,LOS-ECOS – PELIGROSA!,FUNK/SOUL,9.978
SUEÑOS,LOS-ECOS – PELIGROSA!,FUNK/SOUL,9.978
ME-SIENTO-FELIZ,LOS-ECOS – PELIGROSA!,FUNK/SOUL,9.978
YO-PECADOR,LOS-ECOS – PELIGROSA!,FUNK/SOUL,9.978
HOMENAJE-A-COCO-MARTINEZ,LOS-ECOS – PELIGROSA!,FUNK/SOUL,9.978
TRISTE-ADIOS,LOS-DATSUN'S – MUÑECA,FUNK/SOUL,8.874
NO-SE,LOS-DATSUN'S – MUÑECA,FUNK/SOUL,8.874
HAS-DE-SER-MI-MUJER,LOS-DATSUN'S – MUÑECA,FUNK/SOUL,8.874
LA-NOCHE-DEL-MUNDO,LOS-DATSUN'S – MUÑECA,FUNK/SOUL,8.874
SI-ESTA-CALLE-FUESE-MIA,LOS-DATSUN'S – MUÑECA,FUNK/SOUL,8.874
QUIEN-PARARA-LA-LLUVIA,LOS-DATSUN'S – MUÑECA,FUNK/SOUL,8.874
GITANA,LOS-DATSUN'S – MUÑECA,FUNK/SOUL,8.874
SENSACION,LOS-DATSUN'S – MUÑECA,FUNK/SOUL,8.874
MUÑECA,LOS-DATSUN'S – MUÑECA,FUNK/SOUL,8.874
TE-HE-DE-RECORDAR,LOS-DATSUN'S – MUÑECA,FUNK/SOUL,8.874
EN-EL-SOL,LOS-DATSUN'S – MUÑECA,FUNK/SOUL,8.874
REFLEJOS-DEL-SILENCIO,LOS-DATSUN'S – MUÑECA,FUNK/SOUL,8.874
NUESTRO-AMOR-NO-ES-COSTUMBRE,LOS-DATSUN'S – MUÑECA,FUNK/SOUL,8.874
AYER,LOS-DATSUN'S – MUÑECA,FUNK/SOUL,8.874
TU-TAMBIEN-ME-HACES-FALTA,ANGELA-CARRASCO – QUERERTE-A-TI,FUNK/SOUL,8.74
CORAZONES-DE-FUEGO,ANGELA-CARRASCO – QUERERTE-A-TI,FUNK/SOUL,8.74
NO-QUIERO-BAJAR-DE-MI-NUBE,ANGELA-CARRASCO – QUERERTE-A-TI,FUNK/SOUL,8.74
QUIEREME,ANGELA-CARRASCO – QUERERTE-A-TI,FUNK/SOUL,8.74
IBIZA,ANGELA-CARRASCO – QUERERTE-A-TI,FUNK/SOUL,8.74
MAMMA-MIA,ANGELA-CARRASCO – QUERERTE-A-TI,FUNK/SOUL,8.74
QUERERTE-A-TI,ANGELA-CARRASCO – QUERERTE-A-TI,FUNK/SOUL,8.74
LASTIMA,ANGELA-CARRASCO – QUERERTE-A-TI,FUNK/SOUL,8.74
HABLANDO-DE-TI,ANGELA-CARRASCO – QUERERTE-A-TI,FUNK/SOUL,8.74
SOMBRAS,ANGELA-CARRASCO – QUERERTE-A-TI,FUNK/SOUL,8.74
EL-CHUPETO,RULLI-RENDO-ORQUESTA-Y-COROS – PAJISIMO!,FUNK/SOUL,9.845
EL-CHUPON,RULLI-RENDO-ORQUESTA-Y-COROS – PAJISIMO!,FUNK/SOUL,9.845
SE-VA-EL-CAIMAN,RULLI-RENDO-ORQUESTA-Y-COROS – PAJISIMO!,FUNK/SOUL,9.845
ARTILLERO,RULLI-RENDO-ORQUESTA-Y-COROS – PAJISIMO!,FUNK/SOUL,9.845
LA-MAFAFA,RULLI-RENDO-ORQUESTA-Y-COROS – PAJISIMO!,FUNK/SOUL,9.845
COMO-EL-PAJARILLO,RULLI-RENDO-ORQUESTA-Y-COROS – PAJISIMO!,FUNK/SOUL,9.845
MARIA-PERALTA,RULLI-RENDO-ORQUESTA-Y-COROS – PAJISIMO!,FUNK/SOUL,9.845
EN-EL-BOSQUE-DE-LA-CHINA,RULLI-RENDO-ORQUESTA-Y-COROS – PAJISIMO!,FUNK/SOUL,9.845
SE-VA-LA-LANCHA,RULLI-RENDO-ORQUESTA-Y-COROS – PAJISIMO!,FUNK/SOUL,9.845
EL-BARCO-EN-LA-BAHIA,RULLI-RENDO-ORQUESTA-Y-COROS – PAJISIMO!,FUNK/SOUL,9.845
SALUD-DINERO-Y-AMOR,RULLI-RENDO-ORQUESTA-Y-COROS – PAJISIMO!,FUNK/SOUL,9.845
CACHITO,RULLI-RENDO-ORQUESTA-Y-COROS – PAJISIMO!,FUNK/SOUL,9.845
TIPITIPITIN,RULLI-RENDO-ORQUESTA-Y-COROS – PAJISIMO!,FUNK/SOUL,9.845
LA-VIEJA-SE-RIÓ,RULLI-RENDO-ORQUESTA-Y-COROS – PAJISIMO!,FUNK/SOUL,9.845
AHORA-LE-TOCA-AL-VECINO,RULLI-RENDO-ORQUESTA-Y-COROS – PAJISIMO!,FUNK/SOUL,9.845
MAÑANA-POR-LA-MAÑANA,RULLI-RENDO-ORQUESTA-Y-COROS – PAJISIMO!,FUNK/SOUL,9.845
LOLA,RULLI-RENDO-ORQUESTA-Y-COROS – PAJISIMO!,FUNK/SOUL,9.845
CEFERINO,RULLI-RENDO-ORQUESTA-Y-COROS – PAJISIMO!,FUNK/SOUL,9.845
DONDE-ESTAS-CORAZON,RULLI-RENDO-ORQUESTA-Y-COROS – PAJISIMO!,FUNK/SOUL,9.845
EL-POROMPOMPON,RULLI-RENDO-ORQUESTA-Y-COROS – PAJISIMO!,FUNK/SOUL,9.845
EL-PUENTE-SOBRE-EL-RIO-KWAI,RULLI-RENDO-ORQUESTA-Y-COROS – PAJISIMO!,FUNK/SOUL,9.845
ME-HE-DE-COMER-ESA-TUNA,RULLI-RENDO-ORQUESTA-Y-COROS – PAJISIMO!,FUNK/SOUL,9.845
¡OH-SUSANA!,RULLI-RENDO-ORQUESTA-Y-COROS – PAJISIMO!,FUNK/SOUL,9.845
TU-Y-LAS-NUBES,RULLI-RENDO-ORQUESTA-Y-COROS – PAJISIMO!,FUNK/SOUL,9.845
AY-JALISCO-NO-TE-RAJES,RULLI-RENDO-ORQUESTA-Y-COROS – PAJISIMO!,FUNK/SOUL,9.845
GARIBALDI-¡PUM!,RULLI-RENDO-ORQUESTA-Y-COROS – PAJISIMO!,FUNK/SOUL,9.845
LA-PITITA,RULLI-RENDO-ORQUESTA-Y-COROS – PAJISIMO!,FUNK/SOUL,9.845
MUÑEQUITA,RULLI-RENDO-ORQUESTA-Y-COROS – PAJISIMO!,FUNK/SOUL,9.845
TUTTI-FRUTTI,RULLI-RENDO-ORQUESTA-Y-COROS – PAJISIMO!,FUNK/SOUL,9.845
QUIEN-PUSO-EL-BOMP,RULLI-RENDO-ORQUESTA-Y-COROS – PAJISIMO!,FUNK/SOUL,9.845
HERMOSA-LAURA,RULLI-RENDO-ORQUESTA-Y-COROS – PAJISIMO!,FUNK/SOUL,9.845
LA-PLAGA,RULLI-RENDO-ORQUESTA-Y-COROS – PAJISIMO!,FUNK/SOUL,9.845
VOLVAMOS-ATRÁS,RULLI-RENDO-ORQUESTA-Y-COROS – PAJISIMO!,FUNK/SOUL,9.845
MUÑEQUITA,RULLI-RENDO-ORQUESTA-Y-COROS – PAJISIMO!,FUNK/SOUL,9.845
CAMINO-AL-CIELO,RULLI-RENDO-ORQUESTA-Y-COROS – PAJISIMO!,FUNK/SOUL,9.845
EL-GORDO,RULLI-RENDO-ORQUESTA-Y-COROS – PAJISIMO!,FUNK/SOUL,9.845
MIRA-MIRA-MÍRALA,RULLI-RENDO-ORQUESTA-Y-COROS – PAJISIMO!,FUNK/SOUL,9.845
YO-NO-SE-QUE-SERÁ,RULLI-RENDO-ORQUESTA-Y-COROS – PAJISIMO!,FUNK/SOUL,9.845
AY-DOCTOR,RULLI-RENDO-ORQUESTA-Y-COROS – PAJISIMO!,FUNK/SOUL,9.845
QUE-TE-MATE-EL-TREN,RULLI-RENDO-ORQUESTA-Y-COROS – PAJISIMO!,FUNK/SOUL,9.845
POBRE-MI-MADRE-QUERIDA,CARLOS-GARDEL,VALS,3.53
ES-EN-VANO,CARLOS-GARDEL,VALS,3.11
AL-PASAR-POR-EL-TEATRO,ALMENERIO-Y-VELEZ,VALS,3.28
LA-ÑUSITA,VELARDE-Y-MEDINA,VALS,4.95
AY-ELENA,GARDEL,VALS,2.96
QUE-SUERTE-LA-DEL-INGLÉS,GARDEL,VALS,4.35
LOS-CAZADORES,ALMENERIO-Y-SAEZ,VALS,2.62
LA-ABEJA,CARLOS-GAMARRA,VALS,2.08
TRISTE-ENTRERRIANO,CARLOS-GARDEL,VALS,3.84
CHINA-HEREJE,CARLOS-GARDEL,VALS,2.05
MÁNDAME-QUITAR-LA-VIDA,RODRIGUEZ-Y-VARGAS,VALS,1.82
ALEJANDRINO-MONTES,RODRIGUEZ-Y-VARGAS,VALS,4.93
AMOR-SOLICITADO,SAEZ-Y-HERMANOS-ASCUEZ,VALS,4.11
ÍDOLO,ANTONIO-SALERNO,VALS,3.54
COMO-TODAS,CARLOS-GARDEL,VALS,4.94
CRUZ-DE-PALO,CARLOS-GARDEL,VALS,3.92
LA-PULPERA-DE-SANTA-LUCÍA,ORQUESTA-TÍPICA-F.-CANARO,VALS,3.74
NO-ME-OLVIDES,ORQUESTA-TÍPICA-F.-CANARO,VALS,2.95
SALUD-DINERO-Y-AMOR,CHARLO,VALS,3.96
AY-AURORA,CHARLO,VALS,1.78
EL-PLEBEYO,LOS-TROVADORES-DEL-PERÚ,VALS,5.01
ESTRELLITA-DEL-SUR,LOS-TROVADORES-DEL-PERÚ,VALS,5.03
LA-PULPERA-DE-SANTA-LUCÍA,ALBERTO-CASTILLO-Y-SU-ORQUESTA-TÍPICA,VALS,1.27
MENTA-Y-CEDRÓN,ALBERTO-CASTILLO,VALS,4.42
ALMA-CORAZÓN-Y-VIDA,LOS-EMBAJADORES-CRIOLLOS,VALS,4.81
AMÉMONOS,ANTONIO-TORMO,VALS,1.02
LOS-EJES-DE-MI-CARRETA,ANTONIO-TORMO,VALS,1.12
MIS-HARAPOS,ANTONIO-TORMO,VALS,2.13
DOS-QUE-SE-AMAN,ANTONIO-TORMO,VALS,2.91
LA-CANCIÓN-DEL-LINYERA,ANTONIO-TORMO,VALS,1.61
FLORES-DEL-ALMA,ANTONIO-TORMO,VALS,2.34
PUENTECITO-DE-MI-RÍO,ANTONIO-TORMO,VALS,3.38
ANAHÍ,ANTONIO-TORMO,VALS,4.52
BESARTE-QUIEN-PUDIERA,ANTONIO-TORMO,VALS,3.97
MI-CAMISA,ANTONIO-TORMO,VALS,1.67
PAISAJE-DE-CATAMARCA,ANTONIO-TORMO,VALS,1.42
LAS-QUIMERAS,ANTONIO-TORMO,VALS,1.36
YO-LA-QUERÍA-PATITA,LOS-TROVEROS-CRIOLLOS,VALS,4.02
LA-DUEÑA-DEL-SANTO,ALICIA-MAGUIÑA,VALS,4.55
MARABÚ,LUCHO-BARRIOS,VALS,2.10
ESTAMPA-LIMEÑA,ALICIA-MAGUIÑA,VALS,2.19
CALLEJÓN,LOS-EMBAJADORES-CRIOLLOS,VALS,1.58
LOS-ROMANCEROS-CRIOLLOS,LOS-ROMANCEROS-CRIOLLOS,VALS,2.02
CARMEN,PACO-Y-GENARO,VALS,1959
CANTAN-LOS-KIPUS,LOS-KIPUS,VALS,2.33
LOS-TROVADORES-DEL-PERU,LOS-TROVADORES-DEL-PERÚ,VALS,2.67
KARAMANDUCA,CONJUNTO-FIESTA-CRIOLLA,VALS,3.76
LOS-KIPUS-EN-TV,LOS-KIPUS,VALS,4.61
LOS-IDOLOS-DEL-PUEBLO,LOS-IDOLOS-DEL-PUEBLO,VALS,3.67
DOS-QUE-SE-AMAN,ANTONIO-TORMO,VALS,3.52
RINCON-LIMEÑO,LOS-CHAMAS,VALS,1
EL-CHOLO-BERROCAL-CON-GUITARRAS,EL-CHOLO-BERROCAL,VALS,4.71
CINCUENTA-AÑOS-DE-MÚSICA-CRIOLLA-VOL1,FILOMENO-ORMEÑO,VALS,3.50
GUITARRAS-Y-VOCES-DE-LOS-MOROCHUCOS,LOS-MOROCHUCOS,VALS,4.00
VALSES-CRIOLLOS-DEL-RECUERDO,VARIOUS-ARTISTS,VALS,1.33
VUELVEN,LOS-TROVEROS-CRIOLLOS,VALS,3.49
PAYASO,EL-CHOLO-BERROCAL,VALS,4.00
LOS-CHAMAS,LOS-CHAMAS,VALS,4.94
AL-MÉRITO,MARÍA-DE-JESÚS-VÁSQUEZ,VALS,1
VALSES-CON-LOS-DAVALOS,LOS-DÁVALOS,VALS,1
CANTAN-VALSES-DEL-AYER,LOS-GENIOS,VALS,4.00
ANTOLOGIA-DEL-VALS-PERUANO,LOS-MOROCHUCOS,VALS,3.64
DIALOGANDO,CHABUCA-GRANDA,VALS,3.39
ASÍ-NOMÁS,ÓSCAR-AVILÉS,VALS,4.5
AROMAS-CRIOLLOS,CARMENCITA-LARA,VALS,4.00
CANTA-A-CHABUCA-GRANDA,CHABUCA-GRANDA,VALS,2.89
LOS-BRONCES-CRIOLLOS-DE-LUCHO-NEVES,LUCHO-NEVES-Y-SU-CONJUNTO,VALS,3.38
MI-PERU,LOS-TROVADORES-DEL-NORTE,VALS,3.50
DESPERTAR,TANIA-LIBERTAD,VALS,4.00
LA-MORENA-DE-ORO-DEL-PERÚ,LUCHA-REYES,VALS,3.77
ENTRE-GALLOS-Y-MEDIANOCHE,CONJUNTO-FIESTA-CRIOLLA,VALS,1.24
CHABUCA-GRANDA-INTERPRETADA-POR-ELOÍSA-ANGULO,ELOÍSA-ANGULO,VALS,1
OSCAR-AVILÉS,ÓSCAR-AVILÉS,VALS,1
CUANDO-ESCUCHES-ESTE-VALS,ALFREDO-ROLANDO-ORTIZ,VALS,1
UNA-CARTA-AL-CIELO,LUCHA-REYES,VALS,3.95
MI-SAXO-MAS-CRIOLLO,JULIO-MORI-Y-SU-CONJUNTO,VALS,1
JARANA-DE-ROMPE-Y-RAJA,VARIOUS-ARTISTS,VALS,3.50
MI-NUEVO-PERÚ,LOS-HERMANOS-ZAÑARTU,VALS,1
CHOLO-SOY-Y-NO-ME-COMPADEZCAS,LUIS-ABANTO-MORALES,VALS,4.39
MARIA-ESTHER,LUIS-ABANTO-MORALES,VALS,4.37
SIEMPRE-CRIOLLA,LUCHA-REYES,VALS,3.44
RECITAL-DE-ELOÍSA-ANGULO,ELOÍSA-ANGULO,VALS,1
MI-CARIÑITO,LOS-KIPUS,VALS,4.52
NADA-SOY,LOS-KIPUS,VALS,4.48
ZAMBO-CAVERO-Y-OSCAR-AVILÉS,ZAMBO-CAVERO-Y-OSCAR-AVILÉS,VALS,4.50
Y-SUS-VOCES,LOS-KIPUS,VALS,4.08
CHOLO-SOY-Y-NO-ME-COMPADEZCAS,LUIS-ABANTO-MORALES,VALS,4.25
CON-PUNTA,TACO-Y-ESTHER-GRANADOS,VALS,3.3
MI-ÚLTIMA-CANCIÓN,LUCHA-REYES,VALS,4.46
LA-FIESTA-DE-JULIO-MORI,JULIO-MORI,VALS,1.4
EL-CHOLO-CADENAS,LOS-MOCHICAS,VALS,1
LA-DULCE-VOZ-DE-TANIA-LIBERTAD,TANIA-LIBERTAD,VALS,2.5
VIEJA-LIMEÑA,LUCÍA-DE-LA-CRUZ,VALS,4.14
ÚNICOS,ARTURO-ZAMBO-CAVERO-Y-OSCAR-AVILÉS,VALS,4.50
LA-ÚNICA,VERONIKHA,VALS,3.00
VALSES-CRIOLLOS,ARIEL-RAMÍREZ,VALS,3.00
GRACIAS-AMOR,LUCIA-DE-LA-CRUZ,VALS,3.50
DONDÉ-TU-VAYAS,VERONIKHA,VALS,1
LA-MUJER-PERUANA-EN-LA-CANCIÓN-CRIOLLA,VARIOUS-ARTISTS,VALS,4.00
EL-RETORNO-DE-MARITZA-RODRIGUEZ,MARITZA-RODRÍGUEZ,VALS,1
VALSES-CRIOLLOS-VOL2,ARIEL-RAMÍREZ,VALS,1.06
FLORES-PARA-MI-MADRE,ANTONIO-TORMO,VALS,4.60
VALSES,CANCIONES-Y-TANGOS-GINAMARIA-HIDALGO,VALS,2.44
LOS-ROMANCEROS-CRIOLLOS,LOS-ROMANCEROS-CRIOLLOS,VALS,1
ALMA,CORAZÓN-Y-VIDA-LOS-EMBAJADORES-CRIOLLOS,VALS,4.00
LOS-KIPUS-CON-EVA,LOS-KIPUS,VALS,3.33
REMINISCENCIAS-Y-OTROS-VALSES-INOLVIDABLES,JULIO-JARAMILLO,VALS,3.88
LLORA-LLORA-CORAZON,CARMENCITA-LARA,VALS,4.03
LA-PIRILACHA,NILDA-MOYA,VALS,0.50
LA-DIUCA-DE-MI-ABUELO,NILDA-MOYA,VALS,0.41
LO-MEJOR-DE,MARITZA-RODRÍGUEZ,VALS,3.50
DE-NUEVO-LOS-VALSECITOS-CRIOLLOS,DE-LA-MANO-DE-ARIEL-RAMÍREZ,VALS,3.76
CANTA-SUS-CANCIONES-FAVORITAS,ANTONIO-TORMO,VALS,3.76
14-TEMAS-INÉDITOS,ALFREDO-ZITARROSA,VALS,1.48
QUE-NADIE-SEPA-MI-SUFRIR,SOLEDAD,VALS,3.00
50-AÑOS-CON-LAS-LIMEÑITAS,LAS-LIMEÑITAS,VALS,3.52
LOS-MOROCHUCOS-VOLI,LOS-MOROCHUCOS,VALS,4.08
GRANDES-EXITOS,ÓSCAR-AVILÉS-Y-SU-CONJUNTO-FIESTA-CRIOLLA,VALS,4.00
PROPIEDAD-PRIVADA,SOLEDAD,VALS,3.50
MUSICA-PERUANA-LOS-GRANDES-DE-LA-JARANA-CRIOLLA,VARIOUS-ARTISTS,VALS,3.50
SEÑORA-CUÉNTEME,GIAN-MARCO,VALS,1
ANTOLOGÍA-1960-1990,LUCHO-BARRIOS,VALS,1
18-COMPOSICIONES-DE-ORO-FELIPE-PINGLO-ALVA,VARIOUS-ARTISTS,VALS,3.89
VOCAL-DUELS-FROM-THE-STREETS-OF-LIMA,LOS-CUATRO-ACES-DE-LA-JARANA,VALS,3.49
CHABUCA-INÉDITA,CHABUCA-GRANDA,VALS,3.66
THE-PLATINUM-COLLECTION,CHABUCA-GRANDA,VALS,2.75
COMO-EL-AIRE,JUAN-FALÚ,VALS,2.94
VALS-DE-TUCUMÁN,LOS-CHAZA,VALS,3.50
QUE-TALTRIO,ÓSCAR-AVILÉS,VALS,1.76
LO-INOLVIDABLE-DE-CHABUCA-GRANDA,TANIA-LIBERTAD,VALS,3.00
EVA-AYLLÓN-EN-ESCENA,EVA-AYLLÓN,VALS,1.76
UN-SEÑOR-VALS,MARIELA-VALENCIA,VALS,3.76
CONTRAPUNTO-NORTEÑO,LOS-TROVADORES-DEL-NORTE,VALS,1
YSIGUEN-FESTEJANDO-JUNTOS,ÓSCAR-AVILÉS,VALS,3.21
GRANDES-EXITOS,LOS-TROVEROS-CRIOLLOS,VALS,4.50
PIEL-CANELA,ROSALINA-LEYVA,VALS,4.00
ARTURO-CAVERO,ARTURO-CAVERO,VALS,3.94
PEROU-HUAYNO-VALSE-CRÉOLE-ET-MARINERA,VARIOUS-ARTISTS,VALS,2.50
EL-SABOR-DE-LUCILA-CAMPOS,LUCILA-CAMPOS,VALS,4.00
CALAVERITAS,ANA-TIJOUX,VALS,2.69
YO-TE-QUI,MON-LAFERTE,VALS,3.09
A-CHABUCA,VARIOUS-ARTISTS,VALS,3.15
CONTINENTALES,MACHA-Y-EL-BLOQUE-DEPRESIVO,VALS,3.70
100%-LÚCIDOS,MACHA-Y-EL-BLOQUE-DEPRESIVO,VALS,3.86
LADO-B,MACHA-Y-EL-BLOQUE-DEPRESIVO,VALS,3.50
SESIONES-LA-HABANA,MACHA-Y-EL-BLOQUE-DEPRESIVO,VALS,3.80
FRACASOS-ABRAZADOS,SOLAMENTE-VAL,VALS,3.49
CONTIGO-PERÚ,ARTURO-CAVERO-&-ÓSCAR-AVILÉS,VALS,4.07
ESTA-ES-MI-TIERRA,ARTURO-CAVERO-&-ÓSCAR-AVILÉS,VALS,4.35
DESOLACIÓN,JUANITA-ROSILLO,VALS,2.83
FLOR-MARCHITA,JUANITA-ROSILLO,VALS,2.83
BLANCA-LUZ,LIRA-DE-SAN-CRISTÓBAL,VALS,2.23
REIR-LLORANDO,LIRA-DE-SAN-CRISTÓBAL,VALS,2.20
SUEÑO-DE-JUVENTUD,CARLOS-DI-SARLI,VALS,3.68
A-LA-GRAN-MUÑECA,CARLOS-DI-SARLI,VALS,4.03
GERMINA,HERMANAS-GASTELU-MIGUEL-MIRANDA,VALS,4.72
GERMINA,HERMANAS-GASTELU-MIGUEL-MIRANDA,VALS,4.85
CAFÉ-CON-LECHE,ALMENERIO-Y-SAEZ,VALS,4.61
EL-MANANTIAL,ALMENERIO-Y-SAEZ,VALS,4.50
ANTONIO-TORMO,ANTONIO-TORMO,VALS,2.12  
DE-COLECCION,LOS-GENIOS,VALS,4.52  
EL-RANCHO-E-LA-CAMBICHA,ANTONIO-TORMO,VALS,4.67  
HISTORIA-DE-LA-MUSICA-CRIOLLA-1934-1945,FILOMENO-ORMEÑO,VALS,4.69  
LO-MEJOR-DE,LUCIA-DE-LA-CRUZ,VALS,2.18  
EN-FIESTA-CRIOLLA,PANCHITO-JIMENEZ,VALS,3.57  
DE-VUELTA-AL-BARRIO,LOS-EMBAJADORES-CRIOLLOS,VALS,1.53  
CABALLEROS-DE-LA-CANCION-CRIOLLA,LOS-MOROCHUCOS,VALS,1.43  
ANTONIO-TORMO,ANTONIO-TORMO,VALS,2.56  
VALSES-INOLVIDABLES-DE-FELIPE-PINGLO,FELIPE-PINGLO,VALS,3.81  
SERENATA-CRIOLLA,VARIOUS-ARTISTS,VALS,2.16  
NUESTRA-SERENATA,LOS-TROVADORES-DEL-NORTE,VALS,3.46
ARRIBA-PERÚ,EVA-AYLLÓN,MARINERA,4.60  
ADIOS-CHOLITO,LUCHA-REYES,MARINERA,4.50  
QUE-VIVA-CHICLAYO,CARLOS-HAYRE,MARINERA,4.25  
REINA-DE-REINAS,LUIS-ABANTO-MORALES,MARINERA,4.40  
VERÓNICA-MARINERA,LOS-EMBAJADORES-CRIOLLOS,MARINERA,3.95  
TRUJILLANA,PANCHITO-JIMÉNEZ,MARINERA,4.10  
CUAL-ES-MEJOR,CHABUCA-GRANDA,MARINERA,4.15  
VIVA-TRUJILLO,LUCHA-REYES,MARINERA,4.75  
MARINERA-DE-CORAZÓN,EVA-AYLLÓN,MARINERA,4.35  
REINA-Y-CAMPEONA,CARLOS-HAYRE,MARINERA,4.20  
HOMENAJE-A-CÉSAR-ZAPATA,OSCAR-AVILÉS,MARINERA,4.55  
SEÑORITA-MARINERA,LUIS-ABANTO-MORALES,MARINERA,3.80  
CORAJE-CHOLO,JUAN-CAMACHO,MARINERA,4.50  
DEL-NORTE-VENGO,CHABUCA-GRANDA,MARINERA,4.10  
TRUJILLO-DE-MIS-AMORES,LOS-EMBAJADORES-CRIOLLOS,MARINERA,3.90  
LA-HUANCHAQUERA,PANCHITO-JIMÉNEZ,MARINERA,3.85  
SUEÑO-DE-POCHI,EVA-AYLLÓN,MARINERA,4.05  
SACACHISPAS,CARLOS-HAYRE,MARINERA,4.00  
AL-COMPÁS-DE-LA-32,LUCHA-REYES,MARINERA,4.20  
MONTONERO-AREQUIPEÑO,OSCAR-AVILÉS,MARINERA,4.15  
SONANDO-EL-CUERO-DEL-TAMBOR,PANCHITO-JIMÉNEZ,MARINERA,3.85  
300-LIBRAS-DE-ORO,LUCHA-REYES,MARINERA,4.50  
BATUTA-Y-GLORIA,EVA-AYLLÓN,MARINERA,4.25  
LA-VEGUERA,CARLOS-HAYRE,MARINERA,3.75  
BACKUS-AMIGOS-POR-SIEMPRE,CHABUCA-GRANDA,MARINERA,4.05  
SEÑOR-DE-LA-MARINERA,OSCAR-AVILÉS,MARINERA,4.35  
VAMOS-CAMPEÓN,LUCHA-REYES,MARINERA,4.20  
LA-VOZ-DE-LA-CALLE,EVA-AYLLÓN,MARINERA,4.15  
DULCE-Y-BONITA,LUIS-ABANTO-MORALES,MARINERA,4.10  
AL-GOLPE-DEL-CAJÓN,PANCHITO-JIMÉNEZ,MARINERA,3.95  
LA-ASCOPANA,CHABUCA-GRANDA,MARINERA,4.00  
ADIOS-PUEBLO-DE-AYACUCHO,EVA-AYLLÓN,MARINERA,4.50  
SAN-MIGUEL-DE-PIURA,LUCHA-REYES,MARINERA,4.20  
CORAZÓN-CORAZÓN,CARLOS-HAYRE,MARINERA,3.85  
EN-MOCHE-ME-ENAMORÉ,OSCAR-AVILÉS,MARINERA,4.00  
HOMENAJE-AL-SR-MEMO-BURMESTER,LUIS-ABANTO-MORALES,MARINERA,4.25  
CHOLITO-PANTALÓN-BLANCO,JUAN-CAMACHO,MARINERA,4.10  
DON-GUILLERMO,CHABUCA-GRANDA,MARINERA,4.35  
EL-TRIUNFADOR,LUCHA-REYES,MARINERA,4.50  
PROA-AL-PUERTO,PANCHITO-JIMÉNEZ,MARINERA,3.95  
NADIE-COMO-TÚ,EVA-AYLLÓN,MARINERA,4.00  
ÁNGEL-DE-LA-MARINERA,CARLOS-HAYRE,MARINERA,4.05  
CHALÁN-DE-PIMENTEL,LUIS-ABANTO-MORALES,MARINERA,4.25  
ADIÓS-MAESTRO,CHABUCA-GRANDA,MARINERA,4.15  
50-PA-60,OSCAR-AVILÉS,MARINERA,4.05  
BAILANDO-CON-EL-BALÓN,EVA-AYLLÓN,MARINERA,4.20  
CHICLAYANITA,LUCHA-REYES,MARINERA,4.35  
LA-CONCHEPERLA,PANCHITO-JIMÉNEZ,MARINERA,4.00  
CON-PAÑUELOS-AL-AIRE,CHABUCA-GRANDA,MARINERA,4.50  
LA-SONRISA-DE-LA-MARINERA,OSCAR-AVILÉS,MARINERA,4.65  
QUIQUIN-PACHA,KJARKAS,HUAYNO,3.27  
PASTORITA-HUARACINA,PASTORITA-HUARACINA,HUAYNO,3.47  
EL-CORAZÓN-DEL-PUEBLO-(THE-HEART-OF-THE-PEOPLE),LOS-MASIS,HUAYNO,1.66  
ESPÍRITU-DE-ESTA-SELVA,BERSUIT-VERGARABAT,HUAYNO,2.92  
CANTO-Y-SENTIMIENTO-DE-UN-PUEBLO,GRUPO-BOLIVIA,HUAYNO,3.50  
LO-MEJOR-DE-LUZMILA-CARPIO-S,CANTOS-QUECHUA-AYMARAS-DE-LOS-ANDES,HUAYNO,3.3 
REINA-DEL-FOLKLORE-1970-1971,LUZMILA-CARPIO,HUAYNO,3.18  
EUSEBIO-CHATO-GRADOS,EUSEBIO-CHATO-GRADOS,HUAYNO,3.00  
HUAYNOS-Y-DANZAS,RELIGIOUS-AND-SECULAR-MUSIC-OF-THE-CALLEJÓN-DE-HUAYLAS,PERU,HUAYNO  
LO-MEJOR-DE-LOS-DE-UNCIA,LOS-DE-UNCIA,HUAYNO,3.50  
LA-SANTA-TIERRA,ALICIA-MAGUIÑA,HUAYNO,3.19  
PURO-HUAYNO-ANTOLOGÍA-DE-LA-MÚSICA-PERUANA,VARIOUS-ARTISTS,HUAYNO,3.78  
MUSIC-OF-NORTE-POTOSÍ-MUSIQUE-DE-NORTE-POTOSÍ,FLORINDO-ALVIS,HUAYNO,3.1  
EL-ALMA-DE-LA-GUITARRA-PERUANA,RAÚL-GARCÍA-ZÁRATE,HUAYNO,4.25  
TREN-DEL-CIELO,SOLEDAD,HUAYNO,4.00  
GRANDES-EXITOS,FLOR-PILEÑA,HUAYNO,3.81  
WILLKA-MAYU,WILLKA-MAYU,HUAYNO,4.32  
ARPA-AYACUCHANA-PERÚ-INSTRUMENTAL-VOL1,OTONIEL-CCALLANCHIRA,HUAYNO,2.2  
GRACIAS-POR-QUERERNOS-TANTO,GRUPO-FEMENINO-BOLIVIA,HUAYNO,4.30  
TE-LO-ANUNCIO,NANCY-MANCHEGO,HUAYNO,3.50  
KINGDOM-OF-THE-SUN,DAVID-LEWISTON,HUAYNO,2.3  
LO-NUESTRO-TERMINÓ,GERALDINA-ANTEZANA,HUAYNO,3.75  
LA-NIÑA-MARAVILLA-DEL-FOLCKLORE,WENDY-SULCA,HUAYNO,1.50  
LA-TETITA,WENDY-SULCA,HUAYNO,1.73  
CONTIGO-PERÚ,ARTURO-ZAMBO-CAVERO,TONDERO,4.27
UN-PAR-DE-CERVEZAS,LAS-SOÑADORAS,HUAYNO,2.40  
EXITOS-DE-LAS-SOÑADORAS,LAS-SOÑADORAS,HUAYNO,2.50  
MILDER-ORE-MIIX,WILLY-LA-TORRE-VALQUI,HUAYNO,2.75  
DANZANTES-DE-FUEGO-2011-PAL-MUNDO,DJ-MISHA,HUAYNO,3.36  
MIX-TOBAS-SB-2012,DJ-MISHA,HUAYNO,2.50  
MIX-EXITOS,LOS-ÍDOLOS-DE-HUARAL,HUAYNO,3.12  
OLVÍDAME,STRING-KARMA,HUAYNO,1.50  
GRANDES-ÉXITOS,YARITA-LIZETH-YANARICO,HUAYNO,3.77  
MIX-TINKUS-BOSCO-2013-3RO-B,DJ-MISHA,HUAYNO,3.50  
MIX-REY-MORENO-3RO-A-BOSCO-2013,DJ-MISHA,HUAYNO,3.25  
YUYAY-JAP'INA-TAPES,LUZMILA-CARPIO,HUAYNO,3.82  
JIYAWAS-(VOL.-2),NELSON-RIVADINEIRA-ESTEFANIA-CUELLAR,HUAYNO,1.30  
BALADA-DE-LA-GUERRA,EDITH-RAMOS-GUERRA,HUAYNO,1.96  
NORTEÑA-MARINERAS-TONDEROS-Y-RESBALOSAS,EVA-AYLLÓN,TONDERO,3.00
STRING-KARMA-14,DJ-ROYSER,HUAYNO,3.50  
A-QUE-VOLVISTE,CAZADOR-HUANCA,HUAYNO,3.00  
VIVA-EL-TONDERO,LOS-TROVADORES-DEL-NORTE,TONDERO,3.61
LUZMILA-CARPIO-MEETS-ZZK,LUZMILA-CARPIO,HUAYNO,3.24  
LAS-NEGRAS-HUELEN-A-RUDA,JOSÉ-CARLOS-MARTÍNEZ,TONDERO,2.11
LOS-JAIRAS,LOS-JAIRAS,HUAYNO,4.00  
BOLIVIA-CON-LOS-JAIRAS,LOS-JAIRAS,HUAYNO,3.48  
FLOR-PUCARINA-Y-SUS-CANCIONES,FLOR-PUCARINA,HUAYNO,3.50  
YO-SOY-HUANCAÍNO,PICAFLOR-DE-LOS-ANDES,HUAYNO,3.89  
Y-SU-CONJUNTO,PICAFLOR-DE-LOS-ANDES,HUAYNO,4.26  
TROZOS-DE-MI-ALMA,FLOR-PUCARINA,HUAYNO,3.00  
VOCES-Y-ALMA-DE-BOLIVIA,LOS-GENIOS,HUAYNO,4.00  
ASI-ES-ANCASH,EVA-LUZ-VARGAS,HUAYNO,3.49  
BOLIVIE-MUSIQUE-FOLKLORIQUE-DU-MONDE,LOS-JAIRAS,HUAYNO,4.00  
YAYO-JOFRÉ-Y-LOS-JAIRAS,LOS-JAIRAS,HUAYNO,3.59  
KINGDOM-OF-THE-SUN:-FIESTAS-OF-PERU,VARIOUS-ARTISTS,HUAYNO,3.59  
PAISAJES-ANDINOS,EL-JILGUERO-DEL-HUASCARÁN,HUAYNO,3.50  
HUYANO-DE-LA-ROCA,LOS-INCAS,HUAYNO,2.96  
SUCCÈS-2-DISQUES-EL-CONDOR-PASA,LOS-INCAS,HUAYNO,4.00  
LO-MEJOR-DE-LOS-JAIRAS,LOS-JAIRAS,HUAYNO,3.00  
NUESTRO-TESORO,PASTORITA-HUARACINA,HUAYNO,3.81  
VIRACOCHA:-LEGENDARY-MUSIC-OF-THE-ANDES,VARIOUS-ARTISTS,HUAYNO,3.00  
SIEMPRE-HUANCAYO,PICAFLOR-DE-LOS-ANDES,HUAYNO,4.71  
LA-BORRACHITA,BETZABE-ITURRALDE,HUAYNO,3.50  
PASIÓN-DEL-ALMA,FLOR-PUCARINA,HUAYNO,4.36  
Y-SUS-HUIRACOCHAS,INDIO-MAYTA,HUAYNO,1.55  
PARA-HUANCA...-YO,PICAFLOR-DE-LOS-ANDES,HUAYNO,5.00  
MUSIC-OF-THE-INCAS,AYLLU-SULCA,HUAYNO,3.42  
BOLIVIA,KJARKAS,HUAYNO,3.31  
BANDURRIAS-DE-CANCHIS,CONJUNTO-SANTA-BÁRBARA-DE-SICUANI,HUAYNO,3.29  
DIABLERIES-PERUVIENNES,VARIOUS-ARTISTS,HUAYNO,2.52  
SARTAÑANI,BOLIVIA-MANTA,HUAYNO,3.32  
BANDURRIAS-DE-CANCHIS-VOL.-II,CONJUNTO-SANTA-BÁRBARA-DE-SICUANI,HUAYNO,3.20  
AL-COMPÁS-DE-MI-GUITARRA,NANCY-RAMOS,HUAYNO,1.72  
QUE-EMBRUJO-TIENES-HUANCAYO,ESTUDIANTINA-PERÚ,HUAYNO,3.50  
CAMINITO-DE-HUANCAYO,ESTUDIANTINA-PERÚ,HUAYNO,3.50  
LA-ÚNICA,FLOR-PUCARINA,HUAYNO,3.33  
CARLITOS-PEREDO-Y-SU-RITMO,CARLITOS-PEREDO-Y-SU-RITMO,HUAYNO,3.50  
ADELANTE,ESTUDIANTINA-PERÚ,HUAYNO,3.00  
BONNY-ALBERTO-TERAN,BONNY-ALBERTO-TERAN,HUAYNO,3.38  
KUTIMUY-(VUELVE)-/-CAMINO-DE-LA-MONTAÑA,LOS-KJARKAS,HUAYNO,3.50  
ACUÉRDATE-DE-MÍ,FLOR-PUCARINA,HUAYNO,1.07  
SOLA.-SIEMPRE-SOLA,FLOR-PUCARINA,HUAYNO,3.83  
ESTUDIANTINA-ES-EL-PERÚ,ESTUDIANTINA-PERÚ,HUAYNO,3.00  
CANTO-A-LA-MUJER-DE-MI-PUEBLO,KJARKAS,HUAYNO,3.69  
ALBERTO-ARTEAGA,ALBERTO-ARTEAGA,HUAYNO,3.50  
DIOS-TE-BENDIGA,EL-JILGUERO-DEL-HUASCARÁN,HUAYNO,2.42  
THE-INCA-HARP-LAMENTS-AND-DANCES-OF-THE-TAWANTINSUYU,THE-INCA-EMPIRE,HUAYNO,3.60  
LOS-HERMANOS-SEAN-UNIDOS,LOS-DE-SALTA,HUAYNO,4.00  
VOCES-Y-ALMA-DE-BOLIVIA,LOS-GENIOS,HUAYNO,4.00  
LUZMILA-CARPIO,LUZMILA-CARPIO,HUAYNO,4.09  
EL-PROLETARIO,PICAFLOR-DE-LOS-ANDES,HUAYNO,3.00  
CORAZÓN-DE-PIEDRA,FLOR-PUCARINA,HUAYNO,3.58  
LUZMILA-CARPIO-CON-LOS-PROVINCIANOS,LUZMILA-CARPIO,HUAYNO,2.77  
SANTÍSIMA-VIRGEN-DE-COCHARCAS,PICAFLOR-DE-LOS-ANDES,HUAYNO,3.50  
EL-ARTE-DE-LA-QUENA-VOL.-2,UÑA-RAMOS,HUAYNO,3.14  
EL-OBRERO,PICAFLOR-DE-LOS-ANDES,HUAYNO,3.50  
UN-PASAJERO-EN-EL-CAMINO,PICAFLOR-DE-LOS-ANDES,HUAYNO,3.00  
EL-HUMAHUAQUEÑO,EDMUNDO-P-ZALDÍVAR-(H)-Y-SU-CONJUNTO-DE-ARTE-FOLKLÓRICO,HUAYNO,3.50  
OH-LICOR-MALDITO,FLOR-PUCARINA,HUAYNO,2.03  
EL-GENIO-DEL-HUAYTAPALLANA,PICAFLOR-DE-LOS-ANDES,HUAYNO,3.51  
UN-PASO-MAS-EN-LA-VIDA,PICAFLOR-DE-LOS-ANDES,HUAYNO,3.96  
DONDE-ESTAS-AMOR?,FLOR-PILEÑA,HUAYNO,3.50  
VOZ-Y-SENTIMIENTO,PICAFLOR-DE-LOS-ANDES,HUAYNO,2.56  
FIESTA-DE-LOS-QUECHUAS,GRUPO-KHANATA,HUAYNO,2.59  
WA-YA-YAY,KJARKAS,HUAYNO,4.15  
LLORANDO-SE-FUE,KJARKAS,HUAYNO,4.22  
LO-MEJOR,ESTUDIANTINA-PERÚ,HUAYNO,3.18  
LA-ENCANTADORA,CHINA-MARIA,HUAYNO,4.00  
ESCRITO-ESTÁ,ESTUDIANTINA-PERÚ,HUAYNO,3.60  
NO-VUELVO-A-AMAR,PROYECCIÓN,HUAYNO,3.50  
PUEBLOS-PERDIDOS,KJARKAS,HUAYNO,2.94  
CHARANGO-CUZQUEÑO,JULIO-BENAVENTE-DÍAZ,HUAYNO,3.17  
SOUNDS-OF-THE-ANDES,THE-BLIND-STREET-MUSICIANS-OF-CUSCO,HUAYNO,2.75  
ACUÉRDATE-DE-MI,ESTUDIANTINA-PERÚ,HUAYNO,2.82  
BODAS-DE-PLATA,FLOR-PUCARINA,HUAYNO,3.22  
BOLIVIA:-PANPIPES,VARIOUS-ARTISTS,HUAYNO,3.32  
SYRINX-DE-BOLIVIE,VARIOUS-ARTISTS,HUAYNO,3.49  
BUSCO-TU-CARIÑO,IRMA-BAZÁN,HUAYNO,3.00  
ANTONIETA-ANTEZANA,ANTONIETA-ANTEZANA-&-MARIO-ANAGUA,HUAYNO,3.45  
SONCCONACUY-(FROM-HEART-TO-HEART),AMARU-III,HUAYNO,4.00  
VOL1-POR-LAS-RUTAS-DEL-ANDE,TRADICIONES-ANDINAS,HUAYNO,3.50  
SOLO-SOY-UNA-CANCION,GRUPO-BOLIVIA,HUAYNO,2.81  
LO-MEJOR-DE-NORTE-POTOSI,NORTE-POTOSÍ,HUAYNO,3.80  
TRADITIONELLE-MUSIK-DER-INKAS-VOL4:-JATARISHUN,LLAQTAYMANTA,HUAYNO,2.84  
IRONÍAS-DE-AMOR,LUISA-MOLINA,HUAYNO,3.50  
PEROU-HUAYNO-HUAYNOE-CRÉOLE-ET-MARINERA,VARIOUS-ARTISTS,HUAYNO,2.50  
ARPA-AYACUCHANA-VOLI,VARIOUS-ARTISTS,HUAYNO,3.61  
MADRE,DINA-PAUCAR,HUAYNO,3.00  
DINA-PAUCAR,DINA-PAUCAR,HUAYNO,3.50  
CRISTOS-INDIOS,MIGUEL-MANSILLA-GUEVARA,HUAYNO,2.27  
HUAYNOS-&-HUAYLAS-THE-REAL-MUSIC-OF-PERU,VARIOUS-ARTISTS,HUAYNO,3.00  
PERUVIAN-HARP-&-MANDOLIN,THE-BLIND-STREET-MUSICIANS-OF-CUSCO,HUAYNO,3.60  
QUIQUIN-PACHA,KJARKAS,HUAYNO,3.27  
PASTORITA-HUARACINA,PASTORITA-HUARACINA,HUAYNO,3.47  
EL-CORAZÓN-DEL-PUEBLO-(THE-HEART-OF-THE-PEOPLE),LOS-MASIS,HUAYNO,1.66  
ESPÍRITU-DE-ESTA-SELVA,BERSUIT-VERGARABAT,HUAYNO,2.92  
CANTO-Y-SENTIMIENTO-DE-UN-PUEBLO,GRUPO-BOLIVIA,HUAYNO,3.50  
LO-MEJOR-DE-LUZMILA-CARPIO-S.-CANTOS-QUECHUA-AYMARAS-DE-LOS-ANDES,LUZMILA-CARPIO,HUAYNO,3.81  
REINA-DEL-FOLKLORE-1970-1971,LUZMILA-CARPIO,HUAYNO,3.18  
EUSEBIO-CHATO-GRADOS,EUSEBIO-CHATO-GRADOS,HUAYNO,3.00  
HUAYNOS-Y-DANZAS-RELIGIOUS-AND-SECULAR-MUSIC-OF-THE-CALLEJÓN-DE-HUAYLAS,PERU,HUAYNO,1.12  
LO-MEJOR-DE-LOS-DE-UNCIA,LOS-DE-UNCIA,HUAYNO,3.50  
LA-SANTA-TIERRA,ALICIA-MAGUIÑA,HUAYNO,3.19  
PURO-HUAYNO-ANTOLOGÍA-DE-LA-MÚSICA-PERUANA,VARIOUS-ARTISTS,HUAYNO,3.78  
MUSIC-OF-NORTE-POTOSÍ-MUSIQUE-DE-NORTE-POTOSÍ,FLORINDO-ALVIS,HUAYNO,2.63  
EL-ALMA-DE-LA-GUITARRA-PERUANA,RAÚL-GARCÍA-ZÁRATE,HUAYNO,4.25  
TREN-DEL-CIELO,SOLEDAD,HUAYNO,4.00  
GRANDES-EXITOS,FLOR-PILEÑA,HUAYNO,3.81  
WILLKA-MAYU,WILLKA-MAYU,HUAYNO,4.32  
ARPA-AYACUCHANA-PERÚ-INSTRUMENTAL-VOL.-1,OTONIEL-CCALLANCHIRA,HUAYNO,4.05  
GRACIAS-POR-QUERERNOS-TANTO,GRUPO-FEMENINO-BOLIVIA,HUAYNO,4.30  
TE-LO-ANUNCIO,NANCY-MANCHEGO,HUAYNO,3.50  
KINGDOM-OF-THE-SUN-PERU'S-INCA-HERITAGE,DAVID-LEWISTON,HUAYNO,3.50  
LO-NUESTRO-TERMINÓ,GERALDINA-ANTEZANA,HUAYNO,3.75  
LA-NIÑA-MARAVILLA-DEL-FOLCKLORE,WENDY-SULCA,HUAYNO,1.50  
LA-TETITA,WENDY-SULCA,HUAYNO,1.73  
ESTA-ES-MI-TIERRA,ÓSCAR-AVILÉS,TONDERO,4.27
UN-PAR-DE-CERVEZAS,LAS-SOÑADORAS,HUAYNO,2.40  
EXITOS-DE-LAS-SOÑADORAS,LAS-SOÑADORAS,HUAYNO,2.50  
MILDER-ORE-MIIX,WILLY-LA-TORRE-VALQUI,HUAYNO,2.75  
DANZANTES-DE-FUEGO-2011-PAL-MUNDO,DJ-MISHA,HUAYNO,3.36  
MIX-TOBAS-SB-2012,DJ-MISHA,HUAYNO,2.50  
MIX-EXITOS,LOS-ÍDOLOS-DE-HUARAL,HUAYNO,3.12  
OLVÍDAME,STRING-KARMA,HUAYNO,1.50  
GRANDES-ÉXITOS,YARITA-LIZETH-YANARICO,HUAYNO,3.77  
MIX-TINKUS-BOSCO-2013-3RO-B,DJ-MISHA,HUAYNO,3.50  
MIX-REY-MORENO-3RO-A-BOSCO-2013,DJ-MISHA,HUAYNO,3.25  
YUYAY-JAP'INA-TAPES,LUZMILA-CARPIO,HUAYNO,3.82  
JIYAWAS-(VOL2),NELSON-RIVADINEIRA-ESTEFANIA-CUELLAR,HUAYNO,1.30  
BALADA-DE-LA-GUERRA,EDITH-RAMOS-GUERRA,HUAYNO,1.96  
A-QUE-VOLVISTE,CAZADOR-HUANCA,HUAYNO,3.00  
STRING-KARMA-14,DJ-ROYSER,HUAYNO,3.50  
A-QUE-VOLVISTE,CAZADOR-HUANCA,HUAYNO,3.00  
QUIQUIN-PACHA,KJARKAS,HUAYNO,3.27  
PASTORITA-HUARACINA,PASTORITA,HUAYNO,3.47  
EL-CORAZÓN-DEL-PUEBLO-(THE-HEART-OF-THE-PEOPLE),LOS,HUAYNO,1.66  
ESPÍRITU-DE-ESTA-SELVA,BERSUIT,HUAYNO,2.92  
CANTO-Y-SENTIMIENTO-DE-UN-PUEBLO,GRUPO,HUAYNO,3.50  
LO-MEJOR-DE-LUZMILA-CARPIO-S,CANTOS,HUAYNO,2.3  
REINA-DEL-FOLKLORE-1970-1971,LUZMILA,HUAYNO,3.18  
EUSEBIO-CHATO-GRADOS,EUSEBIO,HUAYNO,3.00  
TU-CUERPO-EL-HUMAHUAQUEÑO,ROBERTO-CARLOS,HUAYNO,4.00
LO-MEJOR-DE-LOS-DE-UNCIA,LOS,HUAYNO,3.50  
LA-SANTA-TIERRA,ALICIA,HUAYNO,3.19  
PURO-HUAYNO-ANTOLOGÍA-DE-LA-MÚSICA-PERUANA,VARIOUS,HUAYNO,3.78  
MUSIC-OF-NORTE-POTOSÍ,MUSIQUE,HUAYNO,HUAYNO  
EL-ALMA-DE-LA-GUITARRA-PERUANA,RAÚL,HUAYNO,4.25  
TREN-DEL-CIELO,SOLEDAD,HUAYNO,4.00  
GRANDES-EXITOS,FLOR,HUAYNO,3.81  
WILLKA-MAYU,WILLKA,HUAYNO,4.32  
QUIERO-BRINDAR,AMAPOLITA-DE-ARAHUAY,HUAYNO,3.32
GRACIAS-POR-QUERERNOS-TANTO,GRUPO,HUAYNO,4.30  
TE-LO-ANUNCIO,NANCY,HUAYNO,3.50  
SELECCIÓN-DE-EXITOS,CONDEMAYTA-DE-ACOMAYO,HUAYNO,3.31
LO-NUESTRO-TERMINÓ,GERALDINA,HUAYNO,3.75  
LA-NIÑA-MARAVILLA-DEL-FOLCKLORE,WENDY,HUAYNO,1.50  
LA-TETITA,WENDY,HUAYNO,1.73  
EL-MANANTIAL,ALMENERIO-Y-SAEZ,TONDERO,3.10
UN-PAR-DE-CERVEZAS,LAS,HUAYNO,2.40  
EXITOS-DE-LAS-SOÑADORAS,LAS,HUAYNO,2.50  
MILDER-ORE-MIIX,WILLY,HUAYNO,2.75  
DANZANTES-DE-FUEGO-2011-PAL-MUNDO!!,DJ,HUAYNO,3.36  
MIX-TOBAS-SB-2012,DJ,HUAYNO,2.50  
MIX-EXITOS,LOS,HUAYNO,3.12  
OLVÍDAME,STRING,HUAYNO,1.50  
GRANDES-ÉXITOS,YARITA,HUAYNO,3.77  
MIX-TINKUS-BOSCO-2013-3RO-B,DJ,HUAYNO,3.50  
MIX-REY-MORENO-3RO-A-BOSCO-2013,DJ,HUAYNO,3.25  
YUYAY-JAP'INA-TAPES,LUZMILA,HUAYNO,3.82  
JIYAWAS-(VOL.-2),NELSON,HUAYNO,1.30  
BALADA-DE-LA-GUERRA,EDITH,HUAYNO,1.96  
MIX-HUAYNO-[DJN!-'14],TTOBE10,HUAYNO,2.50  
STRING-KARMA-14,DJ,HUAYNO,3.50  
A-QUE-VOLVISTE,CAZADOR,HUAYNO,3.00  
REMINISCENCE-OF-RAKTAKO-HUAYNO-FROM-CUZCO-AND-AYACUCHO-1930-1940,ALBERTO-JUSCAMAITA-GASTELÚ,HUAYNO,2.3
EXPRESION,EXPRESION,HUAYNO,3.50
CANCIONES-DE-ORO:-FLOR-MARCHITA,FLOR-PILEÑA,HUAYNO,4.25
HUAYNOS-BIEN-PEGADITOS,LOS-HERALDOS-DEL-PERÚ,HUAYNO,3.21
POR-TU-CULPA,FLOR-PILEÑA,HUAYNO,3.52
CONTRAPUNTO-EN-EL-VALLE-DEL-MANTARO,VARIOUS-ARTISTS,HUAYNO,3.50
RECORDANDO,LUZMILA-CARPIO,HUAYNO,4.00
BRISAS-DE-ACOMAYO,CONDEMAYTA-DE-ACOMAYO,HUAYNO,3.80
FETES-INDIENNES-PEROU-BOLIVIE,VARIOUS-ARTISTS,HUAYNO,3.50
CORAZON-DE-MADERA,QUINTETO-LÍRICO-HUARAZ,HUAYNO,3.26
MELODIAS-Y-CANCIONES,SONIA-YASMINA-Y-SU-CONJ.,HUAYNO,3.50
COLECCION-DE-ORO,FLOR-PUCARINA,HUAYNO,3.75
LEJOS-NUBE-CANTANDO-HUAYNOS-Y-FOLCLORICAS-DEL-PERU,VARIOUS-ARTISTS,HUAYNO,3.31
MIS-PRIMEROS-ÉXITOS,EL-JILGUERO-DEL-HUASCARÁN,HUAYNO,1.00
CANTA-LA-CALANDRIA-DEL-SUR,NUEVAMENTE-CONDEMAYTA,HUAYNO,3.00
LINDA-PILEÑA,FLOR-PILEÑA,HUAYNO,3.25
SI-TU-TE-CASAS,FELÍCITA-RAMOS-CON-EL-CONJUNTO-UNION-HUANUQUEÑO,HUAYNO,3.92
LO-MEJOR-DE-ALICIA-DELGADO,ALICIA-DELGADO,HUAYNO,4.03
Y-SU-CONJUNTO,EL-HUALAYCHO-DEL-CUSCO,HUAYNO,3.58
PENAS-Y-SUFRIMIENTOS,ESTHER-SUÁREZ,HUAYNO,3.69
TRAEN-EL-MENSAJE-DE-BOLIVIA-EXPRESADO-EN-SU-MUSICA,LOS-PUMA-PUNKU,HUAYNO,4.50
PAPITO-POR-QUÉ-ME-DEJASTE,WENDY-SULCA,HUAYNO,2.51
LO-MEJOR-DE-TANY-MEDINA,TANY-MEDINA,HUAYNO,1.22
YARIHUANGUI,YAHUAR-WAUKY,HUAYNO,4.13
LAS-CANCIONES-DE-PASTORITA-HUARACINA,PASTORITA-HUARACINA,HUAYNO,3.25
SUSPIROS-DE-AMOR,ROSITA-DE-ESPINAR,HUAYNO,3.00
TOCANDO-Y-CANTANDO,EL-JILGUERO-DEL-HUASCARÁN,HUAYNO,N/A
JULIO-BENAVENTE-DÍAZ-Y-SU-CHARANGO-MÚSICA-DEL-QOSQO-V,JULIO-BENAVENTE-DÍAZ,HUAYNO,3.14
FOLCKLORE-ANDINO,LA-PALLASQUINITA,HUAYNO,4.00
MAIZ,MARTINA-PORTOCARRERO,HUAYNO,3.00
FLORCITA-DEL-PERU,MARGARITA-CARBAJAL-B,HUAYNO,3.75
FOLKLORE-ANDINO-Y-LATINOAMERICANO-VOL2,AGRUPACION-CULTURAL-SENTIMIENTO-PERUANO,HUAYNO,3.50
LO-MEJOR-DE-LOS-HERALDOS,LOS-HERALDOS,HUAYNO,3.22
SELECCIÓN-DE-ÉXITOS,MINA-GONZALES,HUAYNO,4.00
EL-JILGUERO-DEL-HUASCARÁN,ERNESTO-SÁNCHEZ-FAJARDO,HUAYNO,3.52
CHIMAYCHA-DE-CHACRALLA,VARIOUS-ARTISTS,HUAYNO,3.50
CONJUNTO-LIRA-PAUCINA,JAIME-GUARDIA-LIRA-PAUCINA,HUAYNO,3.80
NARRATIVO-Y-CANTO,JOSÉ-MARÍA-ARGUEDAS,HUAYNO,3.67
EL-PENSAMIENTO-GONZALO-SIGUE-LIBRE,VICTOR-CAMPOS-BULLÓN,HUAYNO,3.90
FERIA-DE-OCTUBRE,BANDA-DE-LA-GUARDIA-REPUBLICANA,FESTEJO,4.40
CUMANANA,NICOMEDES-SANTA-CRUZ,FESTEJO,3.53
LOS-REYES-DEL-FESTEJO,NICOMEDES-SANTA-CRUZ,FESTEJO,3.64
TORO-MATA,LUCILA-CAMPOS,FESTEJO,5.00
ÚNICOS,ARTURO-'ZAMBO'-CAVERO,FESTEJO,4.5
GRAN-PREMIO-DEL-FESTIVAL-HISPANOAMERICANO-DE-LA-DANZA-Y-LA-CANCION,PERÚ-NEGRO,FESTEJO,4.02
SON-DE-LOS-DIABLOS,PERÚ-NEGRO,FESTEJO,3.92
LOS-MEJORES-FESTEJOS,VARIOUS-ARTISTS,FESTEJO,2.11
LES-TRAEMOS-EL-CHACOMBO,ARTURO-'ZAMBO'-CAVERO,FESTEJO,4.55
JIPI-JAY,PEPE-VASQUEZ,FESTEJO,5.0
VALSEANDO-FESTEJOS,LUCILA-CAMPOS,FESTEJO,4.63
¡¡¡QUE-TAL...TRIO!!!,ÓSCAR-AVILÉS,FESTEJO,3.41
EVA-AYLLÓN-EN-ESCENA,EVA-AYLLÓN,FESTEJO,3.31
PARA-TODOS,EVA-AYLLÓN,FESTEJO,N/A
YSIGUEN-FESTEJANDO-JUNTOS,ÓSCAR-AVILÉS,FESTEJO,3.21
EL-SABOR-DE-LUCILA-CAMPOS,LUCILA-CAMPOS,FESTEJO,4.0
AFRO-PERUVIAN-CLASSICS:-THE-SOUL-OF-BLACK-PERU,VARIOUS-ARTISTS,FESTEJO,3.82
RITMO-COLOR-Y-SABOR,EVA-AYLLÓN,FESTEJO,4.01
RITMO-DE-NEGROS,PEPE-VASQUEZ,FESTEJO,3.68
25-AÑOS-25-EXITOS-VOLUMEN-1,EVA-AYLLÓN,FESTEJO,3.87
SANGRE-DE-UN-DON,PERÚ-NEGRO,FESTEJO,3.73
JOLGORIO,PERÚ-NEGRO,FESTEJO,3.5
THE-RHYTHMS-OF-BLACK-PERU,VARIOUS-ARTISTS,FESTEJO,3.52
MUMA,MUMA,FESTEJO,3.68
CAMBIO-DE-PIEL,TRIBAL-DE-MANONGO-MUJICA,FESTEJO,3.5
TONDERO-CHICLAYANO,MONTES-Y-MANRIQUE,TONDERO,3.21
EL-JILGUERILLO,MONTES-Y-MANRIQUE,TONDERO,3.21
LAS-ISABELES,MONTES-Y-MANRIQUE,TONDERO,3.00
SUERTE-TRAIDORA,MONTES-Y-MANRIQUE,TONDERO,3.00
EL-GUADALUPANO,MONTES-Y-MANRIQUE,TONDERO,3.50
LA-PASTORA,MONTES-Y-MANRIQUE,TONDERO,3.50
MATRACA,ALMENERIO-Y-SAEZ,TONDERO,1.00
LA-HUANCHAGUERA,ALMENERIO-Y-SAEZ,TONDERO,1.00
LA-VERBENITA,ALMENERIO-Y-SAEZ,TONDERO,3.33
HUÁSCAR,RODRIGUEZ-Y-VARGAS,TONDERO,3.11
SI-DOS-CON-EL-ALMA,SAEZ-Y-HERMANOS-ASCUEZ,TONDERO,4.22
CHINA-DE-A-PESO,ANTONIO-SALERNO,TONDERO,1.11
EL-LAMBAYECANO,SAEZ-Y-HERMANOS-ASCUEZ,TONDERO,2.11
EL-LADRÓN,ANTONIO-SALERNO,TONDERO,4.66
TRISTE-AÑORANZA,JOSÉ-CARLOS-MARTÍNEZ,TONDERO,3.22
CHINA-CHOLA-COMO-NO,JOSÉ-CARLOS-MARTÍNEZ,TONDERO,3.30
PLEITO-EN-UNA-FONDA-DE-CHINOS,ROGELIO-SOTO-GONZALES,TONDERO,1.11
